Datetime,time,R2,Slope DegC/km
5/1/2020,0:01,0.239182163,-2.330545092
5/1/2020,1:01,0.115474183,NA
5/1/2020,2:01,0.67999251,-5.280568765
5/1/2020,3:01,0.586791225,-6.824790028
5/1/2020,4:01,0.475891956,-4.343479677
5/1/2020,5:01,0.000254498,NA
5/1/2020,6:01,0.147263466,NA
5/1/2020,7:01,0.042323332,NA
5/1/2020,8:01,0.271313028,4.325670985
5/1/2020,9:01,0.004856226,NA
5/1/2020,10:01,0.088441973,NA
5/1/2020,11:01,0.018724708,NA
5/1/2020,12:01,0.004265576,NA
5/1/2020,13:01,2.39956E-05,NA
5/1/2020,14:01,0.240291806,14.87938103
5/1/2020,15:01,0.095095892,NA
5/1/2020,16:01,0.047742623,NA
5/1/2020,17:01,0.180278059,NA
5/1/2020,18:01,0.146070563,NA
5/1/2020,19:01,0.010541441,NA
5/1/2020,20:01,0.127486983,NA
5/1/2020,21:01,0.077666129,NA
5/1/2020,22:01,0.2448673,4.313248342
5/1/2020,23:01,0.321369172,3.618614092
5/2/2020,0:01,0.524418019,-3.239154345
5/2/2020,1:01,0.387918774,-2.155986121
5/2/2020,2:01,0.799933965,-4.018904223
5/2/2020,3:01,0.936803563,-4.068261692
5/2/2020,4:01,0.810709726,-3.501107227
5/2/2020,5:01,0.907510079,-3.521751268
5/2/2020,6:01,0.940083821,-3.965063186
5/2/2020,7:01,0.492877593,-2.607901452
5/2/2020,8:01,0.161116742,NA
5/2/2020,9:01,0.015660799,NA
5/2/2020,10:01,0.00047769,NA
5/2/2020,11:01,0.098115226,NA
5/2/2020,12:01,0.138776912,NA
5/2/2020,13:01,0.116078248,NA
5/2/2020,14:01,0.093783458,NA
5/2/2020,15:01,0.146330289,NA
5/2/2020,16:01,0.244141097,-8.426401861
5/2/2020,17:01,0.624562153,-5.254878452
5/2/2020,18:01,0.623390902,-6.777654837
5/2/2020,19:01,0.809520688,-5.25426281
5/2/2020,20:01,0.084382019,NA
5/2/2020,21:01,0.618382638,-5.346879358
5/2/2020,22:01,0.779169264,-5.257900993
5/2/2020,23:01,0.703285061,-4.863385626
5/3/2020,0:01,0.402908234,-2.644756444
5/3/2020,1:01,0.355919757,-4.234677857
5/3/2020,2:01,0.171597332,NA
5/3/2020,3:01,0.004398255,NA
5/3/2020,4:01,0.573439864,-6.849987765
5/3/2020,5:01,0.436687039,-2.690189847
5/3/2020,6:01,0.504434182,-3.102176696
5/3/2020,7:01,0.578751469,-4.673580743
5/3/2020,8:01,0.536293127,-5.207834946
5/3/2020,9:01,0.634850941,-5.111840626
5/3/2020,10:01,0.616528838,-5.795722615
5/3/2020,11:01,0.0765808,NA
5/3/2020,12:01,0.167050596,NA
5/3/2020,13:01,0.204593891,-5.799628754
5/3/2020,14:01,0.028716519,NA
5/3/2020,15:01,0.414263901,-6.773440169
5/3/2020,16:01,0.150781906,NA
5/3/2020,17:01,0.152226846,NA
5/3/2020,18:01,0.018321529,NA
5/3/2020,19:01,0.032402639,NA
5/3/2020,20:01,0.010351535,NA
5/3/2020,21:01,0.120791233,NA
5/3/2020,22:01,0.21773507,-2.227160416
5/3/2020,23:01,0.400633979,-1.60148368
5/4/2020,0:01,0.797944289,-4.653633485
5/4/2020,1:01,0.098070613,NA
5/4/2020,2:01,0.080926373,NA
5/4/2020,3:01,0.077556356,NA
5/4/2020,4:01,0.074157477,NA
5/4/2020,5:01,0.09059335,NA
5/4/2020,6:01,0.107450305,NA
5/4/2020,7:01,0.120519732,NA
5/4/2020,8:01,0.134710988,NA
5/4/2020,9:01,0.239799422,-7.012818113
5/4/2020,10:01,0.321695942,-7.545530146
5/4/2020,11:01,0.237852662,-7.018510792
5/4/2020,12:01,0.332038149,-8.800543502
5/4/2020,13:01,0.160827519,NA
5/4/2020,14:01,0.217788504,-8.447312444
5/4/2020,15:01,0.209041098,-7.582957378
5/4/2020,16:01,0.209102203,-6.792520811
5/4/2020,17:01,0.251950824,-12.14577501
5/4/2020,18:01,0.034106563,NA
5/4/2020,19:01,0.177321239,NA
5/4/2020,20:01,0.123281303,NA
5/4/2020,21:01,0.101400568,NA
5/4/2020,22:01,0.091251526,NA
5/4/2020,23:01,0.073198756,NA
5/5/2020,0:01,0.063116633,NA
5/5/2020,1:01,0.044498801,NA
5/5/2020,2:01,0.044803933,NA
5/5/2020,3:01,0.044320746,NA
5/5/2020,4:01,0.054879481,NA
5/5/2020,5:01,0.041815696,NA
5/5/2020,6:01,0.057106433,NA
5/5/2020,7:01,0.087707361,NA
5/5/2020,8:01,0.091901123,NA
5/5/2020,9:01,0.148890706,NA
5/5/2020,10:01,0.233034228,-9.89336574
5/5/2020,11:01,0.064054461,NA
5/5/2020,12:01,0.099980284,NA
5/5/2020,13:01,0.20707849,-10.00116811
5/5/2020,14:01,0.462158532,-12.23897936
5/5/2020,15:01,0.451184538,-9.333989116
5/5/2020,16:01,0.020056219,NA
5/5/2020,17:01,0.008517949,NA
5/5/2020,18:01,0.256855577,-4.917942789
5/5/2020,19:01,0.180349161,NA
5/5/2020,20:01,0.132338947,NA
5/5/2020,21:01,0.131282335,NA
5/5/2020,22:01,0.086537343,NA
5/5/2020,23:01,0.035120248,NA
5/6/2020,0:01,0.030410653,NA
5/6/2020,1:01,0.020469811,NA
5/6/2020,2:01,0.032628029,NA
5/6/2020,3:01,0.042497683,NA
5/6/2020,4:01,0.015794444,NA
5/6/2020,5:01,0.044195701,NA
5/6/2020,6:01,0.16159478,NA
5/6/2020,7:01,0.253914484,13.47221033
5/6/2020,8:01,0.293146695,13.10828598
5/6/2020,9:01,0.331823249,12.56532552
5/6/2020,10:01,0.030002135,NA
5/6/2020,11:01,0.049196071,NA
5/6/2020,12:01,0.05093805,NA
5/6/2020,13:01,0.13107229,NA
5/6/2020,14:01,0.175896257,NA
5/6/2020,15:01,0.126297162,NA
5/6/2020,16:01,0.165416218,NA
5/6/2020,17:01,0.077710795,NA
5/6/2020,18:01,0.115349235,NA
5/6/2020,19:01,0.006504385,NA
5/6/2020,20:01,0.009798583,NA
5/6/2020,21:01,0.142754307,NA
5/6/2020,22:01,0.086496374,NA
5/6/2020,23:01,0.038043508,NA
5/7/2020,0:01,0.048992447,NA
5/7/2020,1:01,0.031741108,NA
5/7/2020,2:01,0.012967064,NA
5/7/2020,3:01,0.008379305,NA
5/7/2020,4:01,0.006121125,NA
5/7/2020,5:01,0.108967632,NA
5/7/2020,6:01,0.180990915,NA
5/7/2020,7:01,0.192077043,NA
5/7/2020,8:01,0.230428343,-11.88002968
5/7/2020,9:01,0.09522838,NA
5/7/2020,10:01,0.107075,NA
5/7/2020,11:01,0.070701862,NA
5/7/2020,12:01,0.090967345,NA
5/7/2020,13:01,0.167637392,NA
5/7/2020,14:01,0.402311268,-18.07740957
5/7/2020,15:01,0.25854143,-14.98869679
5/7/2020,16:01,0.158262601,NA
5/7/2020,17:01,0.108381395,NA
5/7/2020,18:01,0.072233998,NA
5/7/2020,19:01,0.109094332,NA
5/7/2020,20:01,0.152638236,NA
5/7/2020,21:01,0.356477652,-10.56494669
5/7/2020,22:01,0.30982152,-10.96267236
5/7/2020,23:01,0.250561738,-11.18935535
5/8/2020,0:01,0.249800886,-13.63998044
5/8/2020,1:01,0.103124062,NA
5/8/2020,2:01,0.100251947,NA
5/8/2020,3:01,0.111870357,NA
5/8/2020,4:01,0.114587961,NA
5/8/2020,5:01,0.139415084,NA
5/8/2020,6:01,0.116636107,NA
5/8/2020,7:01,0.103279398,NA
5/8/2020,8:01,0.085264792,NA
5/8/2020,9:01,0.007743549,NA
5/8/2020,10:01,0.032973285,NA
5/8/2020,11:01,0.045303788,NA
5/8/2020,12:01,0.081388527,NA
5/8/2020,13:01,0.218480294,-10.07465165
5/8/2020,14:01,0.435707788,-11.35029112
5/8/2020,15:01,0.479571482,-8.70578188
5/8/2020,16:01,0.163096761,NA
5/8/2020,17:01,0.033985287,NA
5/8/2020,18:01,0.017989124,NA
5/8/2020,19:01,0.125998368,NA
5/8/2020,20:01,0.122609539,NA
5/8/2020,21:01,0.114782697,NA
5/8/2020,22:01,0.102121971,NA
5/8/2020,23:01,0.09656513,NA
5/9/2020,0:01,0.106130095,NA
5/9/2020,1:01,0.118624749,NA
5/9/2020,2:01,0.262281403,-13.43218089
5/9/2020,3:01,0.20918523,-10.78523314
5/9/2020,4:01,0.268337911,-11.14251706
5/9/2020,5:01,0.375169808,-10.98188509
5/9/2020,6:01,0.089523829,NA
5/9/2020,7:01,0.092883392,NA
5/9/2020,8:01,0.095170993,NA
5/9/2020,9:01,0.081443881,NA
5/9/2020,10:01,0.106123659,NA
5/9/2020,11:01,0.083367866,NA
5/9/2020,12:01,0.077430673,NA
5/9/2020,13:01,0.195011396,NA
5/9/2020,14:01,0.14734125,NA
5/9/2020,15:01,0.147231412,NA
5/9/2020,16:01,0.052136883,NA
5/9/2020,17:01,0.016888284,NA
5/9/2020,18:01,0.013788829,NA
5/9/2020,19:01,0.070374648,NA
5/9/2020,20:01,0.060933538,NA
5/9/2020,21:01,0.106042476,NA
5/9/2020,22:01,0.167843723,NA
5/9/2020,23:01,0.065852772,NA
5/10/2020,0:01,0.047484199,NA
5/10/2020,1:01,0.03347598,NA
5/10/2020,2:01,0.012249329,NA
5/10/2020,3:01,0.002457094,NA
5/10/2020,4:01,0.000593807,NA
5/10/2020,5:01,0.004788575,NA
5/10/2020,6:01,0.021466868,NA
5/10/2020,7:01,1.76135E-05,NA
5/10/2020,8:01,0.001093427,NA
5/10/2020,9:01,0.000409118,NA
5/10/2020,10:01,0.04115839,NA
5/10/2020,11:01,0.042312923,NA
5/10/2020,12:01,0.076652699,NA
5/10/2020,13:01,0.177824,NA
5/10/2020,14:01,0.240382824,-11.84238261
5/10/2020,15:01,0.291802695,-9.647795528
5/10/2020,16:01,0.036295603,NA
5/10/2020,17:01,0.090827073,NA
5/10/2020,18:01,0.080602198,NA
5/10/2020,19:01,0.062268646,NA
5/10/2020,20:01,0.01897134,NA
5/10/2020,21:01,0.039848189,NA
5/10/2020,22:01,0.119047665,NA
5/10/2020,23:01,0.06789738,NA
5/11/2020,0:01,0.054574572,NA
5/11/2020,1:01,0.044312266,NA
5/11/2020,2:01,0.073533942,NA
5/11/2020,3:01,0.23872307,13.21196898
5/11/2020,4:01,0.212718952,11.90551913
5/11/2020,5:01,0.086261242,NA
5/11/2020,6:01,0.207767667,-5.922323519
5/11/2020,7:01,0.361722907,-6.504328862
5/11/2020,8:01,0.642490178,-9.36248412
5/11/2020,9:01,0.562434063,-7.307211295
5/11/2020,10:01,0.09065461,NA
5/11/2020,11:01,0.051600675,NA
5/11/2020,12:01,0.076374988,NA
5/11/2020,13:01,0.040371326,NA
5/11/2020,14:01,0.03687909,NA
5/11/2020,15:01,0.052921376,NA
5/11/2020,16:01,0.014698714,NA
5/11/2020,17:01,0.001745532,NA
5/11/2020,18:01,0.138898008,NA
5/11/2020,19:01,0.196593052,NA
5/11/2020,20:01,0.107761243,NA
5/11/2020,21:01,0.071327837,NA
5/11/2020,22:01,0.060249027,NA
5/11/2020,23:01,0.068770899,NA
5/12/2020,0:01,0.086007356,NA
5/12/2020,1:01,0.042427866,NA
5/12/2020,2:01,0.046551476,NA
5/12/2020,3:01,0.039167006,NA
5/12/2020,4:01,0.039222877,NA
5/12/2020,5:01,0.046593824,NA
5/12/2020,6:01,0.049620693,NA
5/12/2020,7:01,0.04951335,NA
5/12/2020,8:01,0.04130798,NA
5/12/2020,9:01,0.033152253,NA
5/12/2020,10:01,0.071988371,NA
5/12/2020,11:01,0.06421019,NA
5/12/2020,12:01,0.068265771,NA
5/12/2020,13:01,0.137761229,NA
5/12/2020,14:01,0.159401301,NA
5/12/2020,15:01,0.154901111,NA
5/12/2020,16:01,0.069167697,NA
5/12/2020,17:01,0.064076621,NA
5/12/2020,18:01,0.041303146,NA
5/12/2020,19:01,0.075936183,NA
5/12/2020,20:01,0.097800895,NA
5/12/2020,21:01,0.117937651,NA
5/12/2020,22:01,0.140868471,NA
5/12/2020,23:01,0.071295566,NA
5/13/2020,0:01,0.087304355,NA
5/13/2020,1:01,0.071279114,NA
5/13/2020,2:01,0.049363114,NA
5/13/2020,3:01,0.063393413,NA
5/13/2020,4:01,0.093093937,NA
5/13/2020,5:01,0.113873488,NA
5/13/2020,6:01,0.128956735,NA
5/13/2020,7:01,0.150969014,NA
5/13/2020,8:01,0.176312279,NA
5/13/2020,9:01,0.087530598,NA
5/13/2020,10:01,0.33124819,-5.741943557
5/13/2020,11:01,0.166490295,NA
5/13/2020,12:01,0.137051869,NA
5/13/2020,13:01,0.323885274,-6.859731049
5/13/2020,14:01,0.35646516,-6.961834432
5/13/2020,15:01,0.668472972,-5.646460532
5/13/2020,16:01,0.289513382,-3.372371416
5/13/2020,17:01,0.455386997,-4.912617285
5/13/2020,18:01,0.420432211,-5.046038349
5/13/2020,19:01,0.233140312,-3.518507721
5/13/2020,20:01,0.185554676,NA
5/13/2020,21:01,0.286055297,-4.507288244
5/13/2020,22:01,0.30735891,-5.012282193
5/13/2020,23:01,0.291986525,-2.418216405
5/14/2020,0:01,0.340924524,-3.229887345
5/14/2020,1:01,0.121486227,NA
5/14/2020,2:01,0.757690354,-6.536415236
5/14/2020,3:01,0.939368253,-6.950010985
5/14/2020,4:01,0.852933708,-7.278893597
5/14/2020,5:01,0.972071797,-6.552367863
5/14/2020,6:01,0.959518385,-6.454306514
5/14/2020,7:01,0.950647258,-5.961406838
5/14/2020,8:01,0.924254599,-6.137374153
5/14/2020,9:01,0.615978914,-4.969788125
5/14/2020,10:01,0.810651592,-5.363309373
5/14/2020,11:01,0.411742058,-4.540187046
5/14/2020,12:01,0.686537508,-7.365208206
5/14/2020,13:01,0.578583908,-4.475403343
5/14/2020,14:01,0.00033708,NA
5/14/2020,15:01,0.17188595,NA
5/14/2020,16:01,0.315789786,-6.147791811
5/14/2020,17:01,0.569501225,-6.183443225
5/14/2020,18:01,0.672117539,-7.027246931
5/14/2020,19:01,0.776029525,-5.316528014
5/14/2020,20:01,0.502636033,-2.86065431
5/14/2020,21:01,0.422745135,-2.86850095
5/14/2020,22:01,0.443606286,-1.852184392
5/14/2020,23:01,0.592650477,-2.275298178
5/15/2020,0:01,0.828928685,-4.544237952
5/15/2020,1:01,0.523179346,-3.062761263
5/15/2020,2:01,0.143002633,NA
5/15/2020,3:01,0.04382252,NA
5/15/2020,4:01,0.834232268,-2.877464812
5/15/2020,5:01,0.699027313,-2.028443405
5/15/2020,6:01,0.719624617,-2.987015641
5/15/2020,7:01,0.520226754,-2.755029149
5/15/2020,8:01,0.342047718,-1.909116759
5/15/2020,9:01,0.028250431,NA
5/15/2020,10:01,0.003360247,NA
5/15/2020,11:01,0.000724454,NA
5/15/2020,12:01,0.038476447,NA
5/15/2020,13:01,0.272645075,-7.368635012
5/15/2020,14:01,7.23238E-07,NA
5/15/2020,15:01,0.006731497,NA
5/15/2020,16:01,0.376503936,-9.019618334
5/15/2020,17:01,0.024327436,NA
5/15/2020,18:01,0.430672537,-5.466735054
5/15/2020,19:01,0.480062344,-2.914996351
5/15/2020,20:01,0.825945057,-2.882639723
5/15/2020,21:01,0.821271674,-3.043915133
5/15/2020,22:01,0.920437444,-3.669842419
5/15/2020,23:01,0.953204317,-4.211578913
5/16/2020,0:01,0.942142281,-5.106475795
5/16/2020,1:01,0.957087461,-5.011119051
5/16/2020,2:01,0.917600544,-4.972573612
5/16/2020,3:01,0.94403233,-4.84948828
5/16/2020,4:01,0.959392101,-6.152869141
5/16/2020,5:01,0.984590303,-6.303636096
5/16/2020,6:01,0.983117434,-6.544963206
5/16/2020,7:01,0.83655077,-8.124250768
5/16/2020,8:01,0.956783486,-8.344956508
5/16/2020,9:01,0.637342892,-5.203713708
5/16/2020,10:01,0.575099641,-7.621109287
5/16/2020,11:01,0.459332711,-5.787010208
5/16/2020,12:01,0.423073124,-7.676146918
5/16/2020,13:01,0.394664513,-7.395592868
5/16/2020,14:01,0.70414953,-11.92228246
5/16/2020,15:01,0.642781768,-9.712167181
5/16/2020,16:01,0.665498498,-7.992755228
5/16/2020,17:01,0.073986471,NA
5/16/2020,18:01,0.096553534,NA
5/16/2020,19:01,0.122314907,NA
5/16/2020,20:01,0.215710253,-4.243021309
5/16/2020,21:01,0.13805613,NA
5/16/2020,22:01,0.20740066,-4.008400136
5/16/2020,23:01,0.090106154,NA
5/17/2020,0:01,0.285463009,2.673414592
5/17/2020,1:01,0.618670439,5.463461663
5/17/2020,2:01,0.719890583,8.123271307
5/17/2020,3:01,0.497749948,8.249937905
5/17/2020,4:01,0.567226035,8.036127523
5/17/2020,5:01,0.6863774,8.469996585
5/17/2020,6:01,0.608428894,9.483620019
5/17/2020,7:01,0.062271319,NA
5/17/2020,8:01,0.069657323,NA
5/17/2020,9:01,0.067075071,NA
5/17/2020,10:01,0.21569389,-4.282204416
5/17/2020,11:01,0.050398784,NA
5/17/2020,12:01,0.042311824,NA
5/17/2020,13:01,0.211924092,-6.806879854
5/17/2020,14:01,0.431548182,-8.369739931
5/17/2020,15:01,0.390537663,-8.511865511
5/17/2020,16:01,0.020239104,NA
5/17/2020,17:01,0.004711071,NA
5/17/2020,18:01,0.092815127,NA
5/17/2020,19:01,0.105902808,NA
5/17/2020,20:01,0.010773316,NA
5/17/2020,21:01,0.09986918,NA
5/17/2020,22:01,0.301022881,8.816265269
5/17/2020,23:01,0.659243072,15.84108051
5/18/2020,0:01,0.624452965,18.6228974
5/18/2020,1:01,0.573084328,18.12765892
5/18/2020,2:01,0.621104868,19.36803131
5/18/2020,3:01,0.708437852,19.39472513
5/18/2020,4:01,0.559359544,14.96465665
5/18/2020,5:01,0.508262915,10.2400446
5/18/2020,6:01,0.541211349,11.89022692
5/18/2020,7:01,0.661270528,12.35209383
5/18/2020,8:01,0.481515071,9.352295637
5/18/2020,9:01,0.166174135,NA
5/18/2020,10:01,0.011849626,NA
5/18/2020,11:01,0.118256585,NA
5/18/2020,12:01,0.084694013,NA
5/18/2020,13:01,0.232720635,-7.540883821
5/18/2020,14:01,0.448899786,-10.38312668
5/18/2020,15:01,0.513136217,-9.56281332
5/18/2020,16:01,0.223950622,-3.561166686
5/18/2020,17:01,0.012546817,NA
5/18/2020,18:01,0.000826161,NA
5/18/2020,19:01,0.000303022,NA
5/18/2020,20:01,0.007268521,NA
5/18/2020,21:01,0.002538327,NA
5/18/2020,22:01,0.186194868,NA
5/18/2020,23:01,0.479542325,12.81853556
5/19/2020,0:01,0.577310341,15.88565091
5/19/2020,1:01,0.649772415,17.02648363
5/19/2020,2:01,0.588405275,17.77870285
5/19/2020,3:01,0.53319626,19.13504397
5/19/2020,4:01,0.668825424,20.63044339
5/19/2020,5:01,0.623143735,18.50381705
5/19/2020,6:01,0.744296575,21.85930074
5/19/2020,7:01,0.479691,14.0121673
5/19/2020,8:01,0.330597506,9.493018558
5/19/2020,9:01,0.183662962,NA
5/19/2020,10:01,0.003842757,NA
5/19/2020,11:01,0.018387956,NA
5/19/2020,12:01,0.058012905,NA
5/19/2020,13:01,0.18696625,NA
5/19/2020,14:01,0.34433481,-8.900853168
5/19/2020,15:01,0.574275764,-8.490146228
5/19/2020,16:01,0.033914288,NA
5/19/2020,17:01,0.019355808,NA
5/19/2020,18:01,0.013228091,NA
5/19/2020,19:01,0.001266068,NA
5/19/2020,20:01,0.00069098,NA
5/19/2020,21:01,0.596044985,11.71303176
5/19/2020,22:01,0.122983385,NA
5/19/2020,23:01,0.553792528,12.45121083
5/20/2020,0:01,0.561114864,12.75027965
5/20/2020,1:01,0.459900281,11.86287874
5/20/2020,2:01,0.572622932,14.67726726
5/20/2020,3:01,0.612820054,13.34013859
5/20/2020,4:01,0.225719834,6.634669659
5/20/2020,5:01,0.388326485,6.658303508
5/20/2020,6:01,0.822807191,11.26352578
5/20/2020,7:01,0.640166726,12.15174386
5/20/2020,8:01,0.561102157,11.38073121
5/20/2020,9:01,0.469567138,11.24719848
5/20/2020,10:01,0.028384743,NA
5/20/2020,11:01,0.031090339,NA
5/20/2020,12:01,0.080115945,NA
5/20/2020,13:01,0.236094641,-7.41361765
5/20/2020,14:01,0.387602812,-9.304148147
5/20/2020,15:01,0.511923504,-8.939249367
5/20/2020,16:01,0.218432512,-5.247475283
5/20/2020,17:01,0.164847919,NA
5/20/2020,18:01,0.469862964,-10.951916
5/20/2020,19:01,0.279602365,-4.543381641
5/20/2020,20:01,0.012269295,NA
5/20/2020,21:01,0.274245879,-4.816403187
5/20/2020,22:01,0.461024819,-7.319535718
5/20/2020,23:01,0.646918006,-6.915275891
5/21/2020,0:01,0.390125322,-7.229530783
5/21/2020,1:01,0.122220182,NA
5/21/2020,2:01,0.265674548,-4.258663451
5/21/2020,3:01,0.606704603,-7.539711287
5/21/2020,4:01,0.75941499,-7.816545788
5/21/2020,5:01,0.714315204,-7.307497802
5/21/2020,6:01,0.441171672,-3.729541487
5/21/2020,7:01,0.082652587,NA
5/21/2020,8:01,0.013689974,NA
5/21/2020,9:01,0.027466799,NA
5/21/2020,10:01,0.261323822,-6.375543194
5/21/2020,11:01,0.239497535,-6.998053589
5/21/2020,12:01,0.130286394,NA
5/21/2020,13:01,0.266326563,-8.404492245
5/21/2020,14:01,0.538149517,-11.81264762
5/21/2020,15:01,0.568252062,-8.49730615
5/21/2020,16:01,0.437108518,-4.442877643
5/21/2020,17:01,0.043410851,NA
5/21/2020,18:01,0.107504546,NA
5/21/2020,19:01,0.001975987,NA
5/21/2020,20:01,0.285725844,-4.449074282
5/21/2020,21:01,0.187118693,NA
5/21/2020,22:01,0.250760844,-3.345613418
5/21/2020,23:01,0.011731439,NA
5/22/2020,0:01,0.05082644,NA
5/22/2020,1:01,0.043932962,NA
5/22/2020,2:01,0.353939627,3.495086776
5/22/2020,3:01,0.575622765,5.777839183
5/22/2020,4:01,0.316711127,4.90336903
5/22/2020,5:01,0.496840521,9.179904892
5/22/2020,6:01,0.371240843,7.998415955
5/22/2020,7:01,0.539513505,10.06647662
5/22/2020,8:01,0.271260341,6.976825862
5/22/2020,9:01,2.06755E-06,NA
5/22/2020,10:01,0.12499482,NA
5/22/2020,11:01,0.093650516,NA
5/22/2020,12:01,0.060377545,NA
5/22/2020,13:01,0.246979793,-9.034774138
5/22/2020,14:01,0.50653992,-11.59666541
5/22/2020,15:01,0.48600451,-8.5480711
5/22/2020,16:01,0.316767433,-3.804819035
5/22/2020,17:01,0.071826556,NA
5/22/2020,18:01,0.003968464,NA
5/22/2020,19:01,0.202105355,-5.619971272
5/22/2020,20:01,0.002460474,NA
5/22/2020,21:01,0.086019309,NA
5/22/2020,22:01,0.15919262,NA
5/22/2020,23:01,0.340338797,6.114248037
5/23/2020,0:01,0.424266514,7.378661304
5/23/2020,1:01,0.480945042,9.735012035
5/23/2020,2:01,0.498975175,11.61737758
5/23/2020,3:01,0.379692475,10.06522895
5/23/2020,4:01,0.290600711,8.57732967
5/23/2020,5:01,0.095997824,NA
5/23/2020,6:01,0.068725542,NA
5/23/2020,7:01,0.229093892,-4.735702863
5/23/2020,8:01,0.370391692,-5.880595888
5/23/2020,9:01,0.361142211,-5.812869107
5/23/2020,10:01,0.325653079,-6.399254273
5/23/2020,11:01,0.141318104,NA
5/23/2020,12:01,0.068682443,NA
5/23/2020,13:01,0.168821256,NA
5/23/2020,14:01,0.432474417,-3.977411204
5/23/2020,15:01,0.420787647,-4.891771532
5/23/2020,16:01,0.142521441,NA
5/23/2020,17:01,0.323866807,-3.787006113
5/23/2020,18:01,0.183798914,NA
5/23/2020,19:01,0.436551476,-5.535698553
5/23/2020,20:01,0.556369399,-10.39822926
5/23/2020,21:01,0.654379216,-8.337648388
5/23/2020,22:01,0.728315475,-7.527657716
5/23/2020,23:01,0.675462395,-5.50312015
5/24/2020,0:01,0.772305928,-4.889410809
5/24/2020,1:01,0.971648292,-7.518881711
5/24/2020,2:01,0.971736661,-6.859030764
5/24/2020,3:01,0.966105604,-5.548198282
5/24/2020,4:01,0.934424037,-6.471871049
5/24/2020,5:01,0.91995453,-6.73677826
5/24/2020,6:01,0.880251033,-6.642565351
5/24/2020,7:01,0.921698999,-6.398403703
5/24/2020,8:01,0.925829092,-6.839968077
5/24/2020,9:01,0.883216691,-5.564355984
5/24/2020,10:01,0.232522517,-1.888076888
5/24/2020,11:01,0.143810617,NA
5/24/2020,12:01,0.023804558,NA
5/24/2020,13:01,0.000705772,NA
5/24/2020,14:01,0.427328755,-3.375614019
5/24/2020,15:01,0.356092853,-2.451392817
5/24/2020,16:01,0.426739393,-2.867302325
5/24/2020,17:01,0.541462469,-2.805666253
5/24/2020,18:01,0.29004992,-2.985762746
5/24/2020,19:01,0.690167078,-3.959885283
5/24/2020,20:01,0.72602172,-5.037425674
5/24/2020,21:01,0.954584107,-5.98789662
5/24/2020,22:01,0.947964816,-6.510241679
5/24/2020,23:01,0.939731412,-6.58994741
5/25/2020,0:01,0.902878721,-6.598708804
5/25/2020,1:01,0.918675607,-5.80523798
5/25/2020,2:01,0.86870009,-5.579706428
5/25/2020,3:01,0.740755102,-6.815199265
5/25/2020,4:01,0.519348788,-5.938309944
5/25/2020,5:01,0.141021797,NA
5/25/2020,6:01,0.044675081,NA
5/25/2020,7:01,0.454673757,3.77802764
5/25/2020,8:01,0.531820487,6.449345551
5/25/2020,9:01,0.236312724,5.326297047
5/25/2020,10:01,0.028745502,NA
5/25/2020,11:01,0.020991542,NA
5/25/2020,12:01,0.006350541,NA
5/25/2020,13:01,0.106426804,NA
5/25/2020,14:01,0.410506883,-4.874459037
5/25/2020,15:01,0.196866959,NA
5/25/2020,16:01,0.015075856,NA
5/25/2020,17:01,0.377682978,-3.784187751
5/25/2020,18:01,0.095935369,NA
5/25/2020,19:01,0.334563286,-3.925386053
5/25/2020,20:01,0.568044288,-4.715014179
5/25/2020,21:01,0.493497073,-4.967947136
5/25/2020,22:01,0.356607021,-3.762135023
5/25/2020,23:01,0.335475352,-2.719277545
5/26/2020,0:01,0.00789851,NA
5/26/2020,1:01,0.370819021,1.865250298
5/26/2020,2:01,0.203755062,2.759514211
5/26/2020,3:01,0.653017744,6.443453656
5/26/2020,4:01,0.726726979,8.786470787
5/26/2020,5:01,0.224059103,3.789458155
5/26/2020,6:01,0.109837431,NA
5/26/2020,7:01,0.379750694,-7.037099456
5/26/2020,8:01,0.26306159,-5.589540689
5/26/2020,9:01,0.670053257,-8.173363629
5/26/2020,10:01,0.319579521,-6.351651043
5/26/2020,11:01,0.227240324,-5.343578754
5/26/2020,12:01,0.272285585,-5.582294144
5/26/2020,13:01,0.174389897,NA
5/26/2020,14:01,0.323607425,-9.423534803
5/26/2020,15:01,0.462966393,-8.203722722
5/26/2020,16:01,0.282008615,-5.408796614
5/26/2020,17:01,0.048833546,NA
5/26/2020,18:01,0.075310454,NA
5/26/2020,19:01,0.361499412,-4.945208212
5/26/2020,20:01,0.484016114,-6.360956699
5/26/2020,21:01,0.407411104,-6.562600796
5/26/2020,22:01,0.264294544,-5.492994712
5/26/2020,23:01,0.000105994,NA
5/27/2020,0:01,0.139895375,NA
5/27/2020,1:01,0.106553302,NA
5/27/2020,2:01,0.163542504,NA
5/27/2020,3:01,0.197876788,NA
5/27/2020,4:01,0.711863064,7.410635958
5/27/2020,5:01,0.597259832,8.63025653
5/27/2020,6:01,0.159414937,NA
5/27/2020,7:01,0.044666861,NA
5/27/2020,8:01,0.00028431,NA
5/27/2020,9:01,0.042956929,NA
5/27/2020,10:01,0.178928635,NA
5/27/2020,11:01,0.085375974,NA
5/27/2020,12:01,0.031334454,NA
5/27/2020,13:01,0.137791227,NA
5/27/2020,14:01,0.251741673,-3.965389986
5/27/2020,15:01,0.250561882,-4.710975797
5/27/2020,16:01,0.13802678,NA
5/27/2020,17:01,0.085371636,NA
5/27/2020,18:01,0.188572911,NA
5/27/2020,19:01,0.009204756,NA
5/27/2020,20:01,0.037496354,NA
5/27/2020,21:01,0.01166151,NA
5/27/2020,22:01,0.135446907,NA
5/27/2020,23:01,0.553825449,5.020026034
5/28/2020,0:01,0.64899514,7.437066774
5/28/2020,1:01,0.503024343,6.444051665
5/28/2020,2:01,0.599812805,11.02775242
5/28/2020,3:01,0.737255226,7.321110056
5/28/2020,4:01,0.80634753,10.51962545
5/28/2020,5:01,0.80494876,12.86451749
5/28/2020,6:01,0.843644709,11.2693514
5/28/2020,7:01,0.690606605,9.805495602
5/28/2020,8:01,0.759284767,10.81305024
5/28/2020,9:01,0.66677577,14.23661033
5/28/2020,10:01,0.557002759,15.03648235
5/28/2020,11:01,0.534427361,16.50743388
5/28/2020,12:01,0.144870063,NA
5/28/2020,13:01,0.000135594,NA
5/28/2020,14:01,0.22133514,-7.069683599
5/28/2020,15:01,0.285573272,-7.101256973
5/28/2020,16:01,0.074345058,NA
5/28/2020,17:01,0.077116297,NA
5/28/2020,18:01,4.21405E-06,NA
5/28/2020,19:01,0.029005412,NA
5/28/2020,20:01,0.012616412,NA
5/28/2020,21:01,0.004765895,NA
5/28/2020,22:01,0.055060688,NA
5/28/2020,23:01,0.289237436,4.862899632
5/29/2020,0:01,0.545509014,7.327893222
5/29/2020,1:01,0.66256499,9.001549197
5/29/2020,2:01,0.737495492,9.557911845
5/29/2020,3:01,0.703551836,9.967569401
5/29/2020,4:01,0.82770449,14.8222018
5/29/2020,5:01,0.705397666,16.16094395
5/29/2020,6:01,0.684439349,16.53532371
5/29/2020,7:01,0.741545822,18.13485902
5/29/2020,8:01,0.718343954,20.93512754
5/29/2020,9:01,0.642102865,18.31535419
5/29/2020,10:01,0.525631988,17.94821574
5/29/2020,11:01,0.099870991,NA
5/29/2020,12:01,0.017887292,NA
5/29/2020,13:01,0.169925208,NA
5/29/2020,14:01,0.464116951,-9.504502821
5/29/2020,15:01,0.384725933,-5.690902041
5/29/2020,16:01,0.131897178,NA
5/29/2020,17:01,0.000168399,NA
5/29/2020,18:01,0.018002433,NA
5/29/2020,19:01,0.000737079,NA
5/29/2020,20:01,0.171639142,NA
5/29/2020,21:01,0.240287239,10.29489176
5/29/2020,22:01,0.5671416,16.44225203
5/29/2020,23:01,0.773467124,17.729674
5/30/2020,0:01,0.379588363,6.989554149
5/30/2020,1:01,0.477519213,8.162766986
5/30/2020,2:01,0.512421202,10.6137914
5/30/2020,3:01,0.549458859,12.58666648
5/30/2020,4:01,0.512095726,12.81459424
5/30/2020,5:01,0.687628163,16.35564781
5/30/2020,6:01,0.655236254,16.45116527
5/30/2020,7:01,0.740490265,18.53578179
5/30/2020,8:01,0.701190305,18.22648891
5/30/2020,9:01,0.593313799,15.9274473
5/30/2020,10:01,0.157703882,NA
5/30/2020,11:01,0.000420443,NA
5/30/2020,12:01,0.021161706,NA
5/30/2020,13:01,0.122322149,NA
5/30/2020,14:01,0.390566883,-10.62297703
5/30/2020,15:01,0.375345552,-13.493511
5/30/2020,16:01,0.063442293,NA
5/30/2020,17:01,0.004233554,NA
5/30/2020,18:01,0.094925427,NA
5/30/2020,19:01,0.135490093,NA
5/30/2020,20:01,0.013212423,NA
5/30/2020,21:01,0.129562602,NA
5/30/2020,22:01,0.082081256,NA
5/30/2020,23:01,0.389812325,4.793485279
5/31/2020,0:01,0.6491204,7.25006292
5/31/2020,1:01,0.704837928,7.521146941
5/31/2020,2:01,0.451910201,6.729506146
5/31/2020,3:01,0.61661752,10.10743758
5/31/2020,4:01,0.715821606,10.98887145
5/31/2020,5:01,0.342111018,6.638234226
5/31/2020,6:01,0.222384878,4.231524522
5/31/2020,7:01,0.57764578,7.199557316
5/31/2020,8:01,0.623115054,9.584511731
5/31/2020,9:01,0.328193089,6.290001926
5/31/2020,10:01,0.552034215,11.55647415
5/31/2020,11:01,0.105642764,NA
5/31/2020,12:01,0.029353541,NA
5/31/2020,13:01,0.014493497,NA
5/31/2020,14:01,0.161486682,NA
5/31/2020,15:01,0.215703386,-6.777555012
5/31/2020,16:01,0.111557371,NA
5/31/2020,17:01,0.299383064,-6.824264882
5/31/2020,18:01,0.296665088,10.98590854
5/31/2020,19:01,0.449400759,12.30171712
5/31/2020,20:01,0.099492651,NA
5/31/2020,21:01,0.362436204,9.657051799
5/31/2020,22:01,0.349079091,11.01025103
5/31/2020,23:01,0.577813327,13.43253869
6/1/2020,0:01,0.65882423,18.6382708
6/1/2020,1:01,0.662187324,18.45711136
6/1/2020,2:01,0.745422744,17.64190925
6/1/2020,3:01,0.104779638,NA
6/1/2020,4:01,0.241345128,6.180606078
6/1/2020,5:01,0.726952725,14.81506536
6/1/2020,6:01,0.759787927,17.63952817
6/1/2020,7:01,0.692119637,16.04755251
6/1/2020,8:01,0.776961525,18.01980871
6/1/2020,9:01,0.743951912,16.79782741
6/1/2020,10:01,0.22746114,8.426040893
6/1/2020,11:01,0.000494722,NA
6/1/2020,12:01,0.011481283,NA
6/1/2020,13:01,0.153045272,NA
6/1/2020,14:01,0.453221287,-9.727487881
6/1/2020,15:01,0.42507784,-9.922440652
6/1/2020,16:01,0.015370543,NA
6/1/2020,17:01,0.137194667,NA
6/1/2020,18:01,0.049892397,NA
6/1/2020,19:01,0.163417962,NA
6/1/2020,20:01,0.181214369,NA
6/1/2020,21:01,0.311717887,11.46402343
6/1/2020,22:01,0.539518774,14.64639156
6/1/2020,23:01,0.653555016,19.1531345
6/2/2020,0:01,0.6557785,20.42421039
6/2/2020,1:01,0.659089891,21.6522897
6/2/2020,2:01,0.677675714,22.98808302
6/2/2020,3:01,0.657242983,22.79949074
6/2/2020,4:01,0.668886043,21.13001352
6/2/2020,5:01,0.646275425,20.7417011
6/2/2020,6:01,0.714636085,21.27853403
6/2/2020,7:01,0.708910155,21.79785618
6/2/2020,8:01,0.703071997,19.12014177
6/2/2020,9:01,0.685385281,22.36037789
6/2/2020,10:01,0.541102329,19.58460474
6/2/2020,11:01,0.323997299,11.18197906
6/2/2020,12:01,0.18804024,NA
6/2/2020,13:01,7.07705E-06,NA
6/2/2020,14:01,0.138352516,NA
6/2/2020,15:01,0.144881567,NA
6/2/2020,16:01,0.100140468,NA
6/2/2020,17:01,0.026994859,NA
6/2/2020,18:01,0.020630643,NA
6/2/2020,19:01,0.028815618,NA
6/2/2020,20:01,0.001406905,NA
6/2/2020,21:01,0.064067078,NA
6/2/2020,22:01,0.248212995,9.002364805
6/2/2020,23:01,0.485502194,12.28342934
6/3/2020,0:01,0.530152502,13.91031335
6/3/2020,1:01,0.658338152,16.57649757
6/3/2020,2:01,0.707635288,19.37840149
6/3/2020,3:01,0.657820573,18.94187687
6/3/2020,4:01,0.646778977,19.11212762
6/3/2020,5:01,0.565144534,16.43895098
6/3/2020,6:01,0.62431438,16.46735168
6/3/2020,7:01,0.539114793,14.21862468
6/3/2020,8:01,0.668651818,17.9811229
6/3/2020,9:01,0.600235988,18.79249379
6/3/2020,10:01,0.419116817,14.70665106
6/3/2020,11:01,0.01584219,NA
6/3/2020,12:01,0.010887136,NA
6/3/2020,13:01,0.301334668,-8.40643812
6/3/2020,14:01,0.421939477,-9.208882722
6/3/2020,15:01,0.526857521,-9.781039362
6/3/2020,16:01,0.375514933,-5.929724404
6/3/2020,17:01,0.174128897,NA
6/3/2020,18:01,0.005856975,NA
6/3/2020,19:01,0.315776837,-9.23310623
6/3/2020,20:01,0.238271052,-7.159497026
6/3/2020,21:01,0.117092296,NA
6/3/2020,22:01,0.018275639,NA
6/3/2020,23:01,0.054474472,NA
6/4/2020,0:01,0.010882255,NA
6/4/2020,1:01,0.007951272,NA
6/4/2020,2:01,0.026870731,NA
6/4/2020,3:01,0.187949851,NA
6/4/2020,4:01,0.637372791,7.85851699
6/4/2020,5:01,0.499930164,8.794847077
6/4/2020,6:01,0.610810086,11.42767695
6/4/2020,7:01,0.71145543,14.13037203
6/4/2020,8:01,0.575310831,15.53392292
6/4/2020,9:01,0.091975817,NA
6/4/2020,10:01,0.372123502,-5.277274461
6/4/2020,11:01,0.100225162,NA
6/4/2020,12:01,0.140531693,NA
6/4/2020,13:01,0.350706315,-11.13197701
6/4/2020,14:01,0.541225307,-8.764653923
6/4/2020,15:01,0.376768523,-7.555825678
6/4/2020,16:01,0.612846317,-8.475798205
6/4/2020,17:01,0.146644604,NA
6/4/2020,18:01,0.167219411,NA
6/4/2020,19:01,0.318153901,-8.025523574
6/4/2020,20:01,0.055668305,NA
6/4/2020,21:01,0.143179574,NA
6/4/2020,22:01,0.187321457,NA
6/4/2020,23:01,0.035374111,NA
6/5/2020,0:01,0.180830593,NA
6/5/2020,1:01,0.49619068,10.64933845
6/5/2020,2:01,0.585721796,12.62774223
6/5/2020,3:01,0.701655408,15.84747022
6/5/2020,4:01,0.148511363,NA
6/5/2020,5:01,0.731822564,13.39317973
6/5/2020,6:01,0.542831648,15.10708019
6/5/2020,7:01,0.665015495,16.45390536
6/5/2020,8:01,0.630152959,20.10280549
6/5/2020,9:01,0.497132001,15.90978049
6/5/2020,10:01,0.006888432,NA
6/5/2020,11:01,0.040860442,NA
6/5/2020,12:01,0.078999143,NA
6/5/2020,13:01,0.362009275,-9.584583742
6/5/2020,14:01,0.772637946,-12.16549126
6/5/2020,15:01,0.296155149,-8.152588844
6/5/2020,16:01,0.398016012,-8.158277227
6/5/2020,17:01,0.257426075,-11.51977596
6/5/2020,18:01,0.000172644,NA
6/5/2020,19:01,0.018074978,NA
6/5/2020,20:01,0.031578237,NA
6/5/2020,21:01,0.228408662,6.951880152
6/5/2020,22:01,0.012010706,NA
6/5/2020,23:01,0.109353735,NA
6/6/2020,0:01,0.268261151,9.287245282
6/6/2020,1:01,0.227859531,9.239812167
6/6/2020,2:01,0.482660794,8.215183503
6/6/2020,3:01,0.021299481,NA
6/6/2020,4:01,2.13805E-05,NA
6/6/2020,5:01,0.036898249,NA
6/6/2020,6:01,0.000548363,NA
6/6/2020,7:01,0.027017448,NA
6/6/2020,8:01,0.661730724,10.36158638
6/6/2020,9:01,0.655928937,15.14782198
6/6/2020,10:01,1.95115E-06,NA
6/6/2020,11:01,0.377001856,-6.902432281
6/6/2020,12:01,0.058540291,NA
6/6/2020,13:01,0.018010972,NA
6/6/2020,14:01,0.157586314,NA
6/6/2020,15:01,0.269480855,-5.673461699
6/6/2020,16:01,0.469220741,-5.56010209
6/6/2020,17:01,0.113983942,NA
6/6/2020,18:01,0.32327539,-7.370365374
6/6/2020,19:01,0.319972354,-4.226382486
6/6/2020,20:01,0.007845171,NA
6/6/2020,21:01,0.004268504,NA
6/6/2020,22:01,0.012582739,NA
6/6/2020,23:01,0.023606255,NA
6/7/2020,0:01,0.050063871,NA
6/7/2020,1:01,0.059897602,NA
6/7/2020,2:01,0.001453569,NA
6/7/2020,3:01,0.003900066,NA
6/7/2020,4:01,4.35258E-05,NA
6/7/2020,5:01,0.007883001,NA
6/7/2020,6:01,0.044397747,NA
6/7/2020,7:01,0.187805621,NA
6/7/2020,8:01,0.287010544,-6.839713428
6/7/2020,9:01,0.620025137,-7.818166046
6/7/2020,10:01,0.34723437,-6.275126341
6/7/2020,11:01,0.187962841,NA
6/7/2020,12:01,0.277210653,-7.685401434
6/7/2020,13:01,0.647216692,-10.00349947
6/7/2020,14:01,0.745739434,-11.42686186
6/7/2020,15:01,0.537150838,-9.487605175
6/7/2020,16:01,0.35372319,-6.803882507
6/7/2020,17:01,0.086513752,NA
6/7/2020,18:01,0.124310878,NA
6/7/2020,19:01,0.163254822,NA
6/7/2020,20:01,0.335606612,-7.228235098
6/7/2020,21:01,0.213683035,-8.035826953
6/7/2020,22:01,0.228386332,-7.196497872
6/7/2020,23:01,0.334274751,-5.431063289
6/8/2020,0:01,0.16805815,NA
6/8/2020,1:01,0.574316825,-11.19218277
6/8/2020,2:01,0.773151125,-8.300647542
6/8/2020,3:01,0.725423318,-7.038719714
6/8/2020,4:01,0.775168668,-6.238022174
6/8/2020,5:01,0.001106858,NA
6/8/2020,6:01,0.155165071,NA
6/8/2020,7:01,0.373390587,-5.048705382
6/8/2020,8:01,0.412245179,-4.580685145
6/8/2020,9:01,0.528404982,-7.020298869
6/8/2020,10:01,0.366271425,-6.235639012
6/8/2020,11:01,0.260414799,-8.401110838
6/8/2020,12:01,0.164450925,NA
6/8/2020,13:01,0.315809387,-10.23818169
6/8/2020,14:01,0.539902143,-8.978902636
6/8/2020,15:01,0.454744524,-12.44805798
6/8/2020,16:01,0.663030394,-10.70175757
6/8/2020,17:01,0.438434028,-10.5146504
6/8/2020,18:01,0.683730061,-8.083421312
6/8/2020,19:01,0.306037118,-7.02878735
6/8/2020,20:01,0.480829106,-3.21205668
6/8/2020,21:01,0.566288716,-7.516647268
6/8/2020,22:01,0.924310378,-7.52752413
6/8/2020,23:01,0.922418731,-7.522377397
6/9/2020,0:01,0.925582938,-7.999758603
6/9/2020,1:01,0.97698047,-7.592043791
6/9/2020,2:01,0.970014408,-6.94174793
6/9/2020,3:01,0.965874468,-6.902135364
6/9/2020,4:01,0.968498478,-7.4851099
6/9/2020,5:01,0.971097915,-6.881121063
6/9/2020,6:01,0.978035411,-6.4840963
6/9/2020,7:01,0.971968059,-6.410374304
6/9/2020,8:01,0.978437228,-6.21528325
6/9/2020,9:01,0.937374347,-5.790150534
6/9/2020,10:01,0.898723792,-5.684391787
6/9/2020,11:01,0.896100683,-5.738358638
6/9/2020,12:01,0.564632989,-4.596894507
6/9/2020,13:01,0.528357197,-7.422403571
6/9/2020,14:01,0.338185779,-5.674747991
6/9/2020,15:01,0.483507478,-5.603287051
6/9/2020,16:01,0.042529424,NA
6/9/2020,17:01,0.01098824,NA
6/9/2020,18:01,0.000670894,NA
6/9/2020,19:01,0.096244427,NA
6/9/2020,20:01,0.39416118,-3.016516859
6/9/2020,21:01,0.482534443,-3.760442754
6/9/2020,22:01,0.47792853,-3.402477948
6/9/2020,23:01,0.601109559,-4.634682261
6/10/2020,0:01,0.572850489,-4.157391852
6/10/2020,1:01,0.636429729,-4.382789818
6/10/2020,2:01,0.726002187,-5.364419289
6/10/2020,3:01,0.762344376,-6.156554771
6/10/2020,4:01,0.874147608,-6.413701964
6/10/2020,5:01,0.864489053,-6.483393405
6/10/2020,6:01,0.806856128,-5.682729783
6/10/2020,7:01,0.931541943,-6.39382106
6/10/2020,8:01,0.956467765,-6.821777877
6/10/2020,9:01,0.905446805,-6.055131844
6/10/2020,10:01,0.730664146,-4.848662235
6/10/2020,11:01,0.095280375,NA
6/10/2020,12:01,0.037188151,NA
6/10/2020,13:01,0.151434521,NA
6/10/2020,14:01,0.31770057,-5.42401034
6/10/2020,15:01,0.218118008,-4.726799533
6/10/2020,16:01,0.134181759,NA
6/10/2020,17:01,0.09021877,NA
6/10/2020,18:01,0.030028948,NA
6/10/2020,19:01,0.009138889,NA
6/10/2020,20:01,0.181442546,NA
6/10/2020,21:01,0.19405666,NA
6/10/2020,22:01,0.222240634,-5.563489759
6/10/2020,23:01,0.008578636,NA
6/11/2020,0:01,0.434403046,5.556435245
6/11/2020,1:01,0.348616887,5.957806265
6/11/2020,2:01,0.509669612,8.748547359
6/11/2020,3:01,0.701099211,11.31288389
6/11/2020,4:01,0.643921394,10.39300582
6/11/2020,5:01,0.572667922,9.560355538
6/11/2020,6:01,0.746252571,12.30079663
6/11/2020,7:01,0.689444461,10.32816732
6/11/2020,8:01,0.774883597,14.15700688
6/11/2020,9:01,0.51559388,12.99047702
6/11/2020,10:01,0.237769012,8.531923312
6/11/2020,11:01,0.007801011,NA
6/11/2020,12:01,0.025219875,NA
6/11/2020,13:01,0.146013335,NA
6/11/2020,14:01,0.278215794,-7.692342191
6/11/2020,15:01,0.1200852,NA
6/11/2020,16:01,0.009649781,NA
6/11/2020,17:01,0.211064553,-4.540204788
6/11/2020,18:01,0.358139062,-7.4381052
6/11/2020,19:01,0.087643089,NA
6/11/2020,20:01,0.047873005,NA
6/11/2020,21:01,0.009159495,NA
6/11/2020,22:01,0.07828932,NA
6/11/2020,23:01,0.299731485,7.247375014
6/12/2020,0:01,0.51909619,10.75849791
6/12/2020,1:01,0.586953649,11.97125547
6/12/2020,2:01,0.652895447,14.70577336
6/12/2020,3:01,0.640246009,14.69075949
6/12/2020,4:01,0.775268172,18.62056538
6/12/2020,5:01,0.813828668,21.3401795
6/12/2020,6:01,0.737995213,18.50536008
6/12/2020,7:01,0.625729226,17.12026291
6/12/2020,8:01,0.717975812,20.74890068
6/12/2020,9:01,0.674224232,22.65004243
6/12/2020,10:01,0.429361206,17.292638
6/12/2020,11:01,0.003018154,NA
6/12/2020,12:01,0.042153762,NA
6/12/2020,13:01,0.273188221,-8.371912799
6/12/2020,14:01,0.505154259,-11.32205909
6/12/2020,15:01,0.486086103,-9.572818739
6/12/2020,16:01,0.275431168,-6.12638823
6/12/2020,17:01,0.084630717,NA
6/12/2020,18:01,0.051772748,NA
6/12/2020,19:01,0.02046994,NA
6/12/2020,20:01,0.069330375,NA
6/12/2020,21:01,0.293378854,-10.17209657
6/12/2020,22:01,0.28370579,-10.36182485
6/12/2020,23:01,0.122742254,NA
6/13/2020,0:01,0.046794713,NA
6/13/2020,1:01,0.393769197,9.177206549
6/13/2020,2:01,0.603679495,14.00027184
6/13/2020,3:01,0.651895172,14.9422016
6/13/2020,4:01,0.686996943,15.42753538
6/13/2020,5:01,0.710917809,15.51552764
6/13/2020,6:01,0.737973914,16.24437966
6/13/2020,7:01,0.680757052,14.69657989
6/13/2020,8:01,0.388226845,10.83168034
6/13/2020,9:01,0.090951172,NA
6/13/2020,10:01,0.001522397,NA
6/13/2020,11:01,0.223115461,-7.865246931
6/13/2020,12:01,0.042852886,NA
6/13/2020,13:01,0.659185577,-11.2732421
6/13/2020,14:01,0.588956713,-15.36886691
6/13/2020,15:01,0.66245449,-10.19679702
6/13/2020,16:01,0.425139303,-11.74611268
6/13/2020,17:01,0.584673742,-16.93073083
6/13/2020,18:01,0.509671062,-7.49255265
6/13/2020,19:01,0.286407839,-7.806876944
6/13/2020,20:01,0.285949588,-8.10643054
6/13/2020,21:01,0.345367426,-10.63429796
6/13/2020,22:01,0.197499671,NA
6/13/2020,23:01,0.015414826,NA
6/14/2020,0:01,0.385328772,-6.074614076
6/14/2020,1:01,0.015051719,NA
6/14/2020,2:01,0.322495412,3.929184396
6/14/2020,3:01,0.028715325,NA
6/14/2020,4:01,0.005940913,NA
6/14/2020,5:01,0.174124497,NA
6/14/2020,6:01,0.562106976,-8.131431041
6/14/2020,7:01,0.612579351,-9.467753493
6/14/2020,8:01,0.728829586,-7.98859213
6/14/2020,9:01,0.792820606,-8.717728019
6/14/2020,10:01,0.590584115,-7.631502942
6/14/2020,11:01,0.461969165,-10.14593031
6/14/2020,12:01,0.474763151,-9.933809592
6/14/2020,13:01,0.564172061,-11.61003189
6/14/2020,14:01,0.808425645,-14.342702
6/14/2020,15:01,0.670447844,-12.39806846
6/14/2020,16:01,0.771436445,-12.19900268
6/14/2020,17:01,0.60617229,-9.788984104
6/14/2020,18:01,0.32409581,-9.126989512
6/14/2020,19:01,0.174911382,NA
6/14/2020,20:01,0.277258468,-8.672718246
6/14/2020,21:01,0.223746171,-8.109057914
6/14/2020,22:01,0.190342546,NA
6/14/2020,23:01,0.046556121,NA
6/15/2020,0:01,0.126885126,NA
6/15/2020,1:01,0.148638693,NA
6/15/2020,2:01,0.424542386,9.844664098
6/15/2020,3:01,0.44113042,10.82205637
6/15/2020,4:01,0.283487609,9.356551097
6/15/2020,5:01,0.195897384,NA
6/15/2020,6:01,0.038681449,NA
6/15/2020,7:01,0.029469748,NA
6/15/2020,8:01,0.002293047,NA
6/15/2020,9:01,0.061422378,NA
6/15/2020,10:01,0.075418465,NA
6/15/2020,11:01,0.583379564,-6.078696291
6/15/2020,12:01,0.451570509,-6.569606781
6/15/2020,13:01,0.537132131,-7.305637506
6/15/2020,14:01,0.667735754,-10.11994513
6/15/2020,15:01,0.776906222,-10.71802694
6/15/2020,16:01,0.666327894,-10.63687472
6/15/2020,17:01,0.621021694,-9.434701797
6/15/2020,18:01,0.356671542,-7.025581275
6/15/2020,19:01,0.252698041,-7.275299807
6/15/2020,20:01,0.160691859,NA
6/15/2020,21:01,0.15486632,NA
6/15/2020,22:01,0.030368132,NA
6/15/2020,23:01,0.147761269,NA
6/16/2020,0:01,0.389531801,12.68181345
6/16/2020,1:01,0.55386782,16.48953382
6/16/2020,2:01,0.618494628,18.24654723
6/16/2020,3:01,0.337210595,10.22328524
6/16/2020,4:01,0.450971388,9.18604987
6/16/2020,5:01,0.034644278,NA
6/16/2020,6:01,0.155695232,NA
6/16/2020,7:01,0.109142434,NA
6/16/2020,8:01,0.411070347,-6.600461605
6/16/2020,9:01,0.612751976,-9.019787926
6/16/2020,10:01,0.503481191,-7.49404193
6/16/2020,11:01,0.483567899,-10.17812413
6/16/2020,12:01,0.452394069,-10.24136585
6/16/2020,13:01,0.6168643,-12.87411954
6/16/2020,14:01,0.72321558,-14.74779205
6/16/2020,15:01,0.556880703,-9.717561779
6/16/2020,16:01,0.567322971,-11.24610787
6/16/2020,17:01,0.56044168,-10.32663056
6/16/2020,18:01,0.395423847,-11.58536379
6/16/2020,19:01,0.138227989,NA
6/16/2020,20:01,0.448101187,-9.190925776
6/16/2020,21:01,0.476148516,-10.88612883
6/16/2020,22:01,0.462688334,-9.732282383
6/16/2020,23:01,0.431265902,-8.461148568
6/17/2020,0:01,0.202794736,-6.461690298
6/17/2020,1:01,0.00450935,NA
6/17/2020,2:01,0.19723867,NA
6/17/2020,3:01,0.702422431,-8.629379347
6/17/2020,4:01,0.526060826,-9.917787042
6/17/2020,5:01,0.329097107,-7.852042221
6/17/2020,6:01,0.296237695,-5.994793544
6/17/2020,7:01,0.278033672,-4.39703452
6/17/2020,8:01,0.005816282,NA
6/17/2020,9:01,0.221765355,-3.976172919
6/17/2020,10:01,0.403894731,-6.257750183
6/17/2020,11:01,0.500100933,-10.03653394
6/17/2020,12:01,0.472992033,-9.717636921
6/17/2020,13:01,0.528627762,-13.42350699
6/17/2020,14:01,0.761786492,-16.35364036
6/17/2020,15:01,0.79175485,-15.6149833
6/17/2020,16:01,0.808131255,-13.01170422
6/17/2020,17:01,0.629094404,-9.818085085
6/17/2020,18:01,0.369181175,-9.506754484
6/17/2020,19:01,0.172905693,NA
6/17/2020,20:01,0.307111472,-8.229511175
6/17/2020,21:01,0.560753516,-12.61626371
6/17/2020,22:01,0.653343973,-11.65533023
6/17/2020,23:01,0.557677047,-10.75391474
6/18/2020,0:01,0.4823829,-7.565092718
6/18/2020,1:01,0.641174912,-10.14280251
6/18/2020,2:01,0.805199219,-10.09662542
6/18/2020,3:01,0.894466797,-10.07008815
6/18/2020,4:01,0.952106912,-10.91603551
6/18/2020,5:01,0.943431477,-9.931167085
6/18/2020,6:01,0.830850595,-6.295001504
6/18/2020,7:01,0.775756723,-6.846653141
6/18/2020,8:01,0.617385151,-5.418684623
6/18/2020,9:01,0.722389285,-8.496328777
6/18/2020,10:01,0.541110337,-9.797851951
6/18/2020,11:01,0.555676098,-13.44052257
6/18/2020,12:01,0.386005543,-10.76440754
6/18/2020,13:01,0.777558606,-11.21198644
6/18/2020,14:01,0.638311064,-9.556422564
6/18/2020,15:01,0.773106779,-14.69094682
6/18/2020,16:01,0.623830076,-8.19848154
6/18/2020,17:01,0.317549735,-8.431324343
6/18/2020,18:01,0.659179811,-9.296986137
6/18/2020,19:01,0.756056527,-9.324477296
6/18/2020,20:01,0.507944848,-11.81457836
6/18/2020,21:01,0.843249813,-9.166168966
6/18/2020,22:01,0.790009975,-7.894501849
6/18/2020,23:01,0.788774131,-6.231398685
6/19/2020,0:01,0.557802285,-3.95797698
6/19/2020,1:01,0.004753872,NA
6/19/2020,2:01,0.339728012,3.570190557
6/19/2020,3:01,0.608632182,5.485363584
6/19/2020,4:01,0.669786835,4.654310603
6/19/2020,5:01,0.210395376,1.552021309
6/19/2020,6:01,0.138643071,NA
6/19/2020,7:01,0.701621279,-4.650068711
6/19/2020,8:01,0.901471305,-7.095282631
6/19/2020,9:01,0.77820275,-7.070281086
6/19/2020,10:01,0.57386815,-5.988571336
6/19/2020,11:01,0.292492008,-6.206239549
6/19/2020,12:01,0.317578855,-7.782282421
6/19/2020,13:01,0.336850172,-12.12557239
6/19/2020,14:01,0.485274046,-12.02739885
6/19/2020,15:01,0.264405978,-7.541564278
6/19/2020,16:01,0.362975716,-5.541043578
6/19/2020,17:01,0.593462373,-7.458220402
6/19/2020,18:01,0.588440117,-7.910692426
6/19/2020,19:01,0.14725438,NA
6/19/2020,20:01,0.349511133,-6.487701569
6/19/2020,21:01,0.556905969,-7.972170908
6/19/2020,22:01,0.178045526,NA
6/19/2020,23:01,0.135099031,NA
6/20/2020,0:01,0.670967293,7.794921476
6/20/2020,1:01,0.691551017,9.459031757
6/20/2020,2:01,0.766098793,11.42786063
6/20/2020,3:01,0.747984081,13.06702207
6/20/2020,4:01,0.751245463,12.05944864
6/20/2020,5:01,0.632375634,11.07503525
6/20/2020,6:01,0.384492791,7.892129645
6/20/2020,7:01,0.490995019,7.827878722
6/20/2020,8:01,0.584279721,11.62390244
6/20/2020,9:01,0.060262379,NA
6/20/2020,10:01,0.08229659,NA
6/20/2020,11:01,0.292127034,-8.416900134
6/20/2020,12:01,0.156595345,NA
6/20/2020,13:01,0.464342471,-13.09868728
6/20/2020,14:01,0.653858605,-14.57356814
6/20/2020,15:01,0.776038985,-16.99284437
6/20/2020,16:01,0.596355439,-12.29261445
6/20/2020,17:01,0.649256467,-10.22277594
6/20/2020,18:01,0.496123314,-7.952433505
6/20/2020,19:01,0.549472016,-8.896195905
6/20/2020,20:01,0.573128622,-9.141143417
6/20/2020,21:01,0.601483116,-8.822645589
6/20/2020,22:01,0.531191822,-11.60445257
6/20/2020,23:01,0.523458766,-8.633845623
6/21/2020,0:01,0.578182296,-9.060953435
6/21/2020,1:01,0.482481581,-8.293882639
6/21/2020,2:01,0.530028291,-8.90449914
6/21/2020,3:01,0.707447229,-9.224919883
6/21/2020,4:01,0.733134507,-10.45754635
6/21/2020,5:01,0.694613632,-10.48639947
6/21/2020,6:01,0.780413112,-10.72055935
6/21/2020,7:01,0.803578592,-9.658316175
6/21/2020,8:01,0.799089134,-8.995996487
6/21/2020,9:01,0.76339409,-8.258723303
6/21/2020,10:01,0.638784424,-8.072982781
6/21/2020,11:01,0.452950704,-8.977939352
6/21/2020,12:01,0.358097441,-8.854184522
6/21/2020,13:01,0.488704127,-12.17773739
6/21/2020,14:01,0.775373096,-9.602599132
6/21/2020,15:01,0.753929479,-12.74280142
6/21/2020,16:01,0.677114988,-12.82898296
6/21/2020,17:01,0.036749177,NA
6/21/2020,18:01,0.54151955,-11.16140048
6/21/2020,19:01,0.320607531,-3.189333411
6/21/2020,20:01,0.591088007,-6.233588772
6/21/2020,21:01,0.495037249,-5.807447375
6/21/2020,22:01,0.239504624,-3.547938493
6/21/2020,23:01,0.049902796,NA
6/22/2020,0:01,0.267474473,4.887974754
6/22/2020,1:01,0.73712791,9.377969289
6/22/2020,2:01,0.660182231,8.880063772
6/22/2020,3:01,0.629291661,9.225459447
6/22/2020,4:01,0.558709173,7.996012964
6/22/2020,5:01,0.50844903,7.3890153
6/22/2020,6:01,0.625541117,7.274572909
6/22/2020,7:01,0.688736508,8.227333611
6/22/2020,8:01,0.752648553,11.21454389
6/22/2020,9:01,0.525523706,11.72926565
6/22/2020,10:01,0.008437903,NA
6/22/2020,11:01,0.139458362,NA
6/22/2020,12:01,0.16847336,NA
6/22/2020,13:01,0.309886286,-9.667604088
6/22/2020,14:01,0.539293968,-10.31655782
6/22/2020,15:01,0.660242977,-10.91725761
6/22/2020,16:01,0.253827037,-7.11501064
6/22/2020,17:01,0.77249601,-8.313147271
6/22/2020,18:01,0.632682816,-10.97562656
6/22/2020,19:01,0.743984872,-11.6956483
6/22/2020,20:01,0.323204786,-4.634647299
6/22/2020,21:01,0.313115058,-6.876659483
6/22/2020,22:01,0.409103258,-9.742760051
6/22/2020,23:01,0.206185705,-4.477101874
6/23/2020,0:01,0.008359393,NA
6/23/2020,1:01,0.230884109,3.543511354
6/23/2020,2:01,0.371156359,5.221308509
6/23/2020,3:01,0.311461732,3.88655622
6/23/2020,4:01,0.326720729,3.606715501
6/23/2020,5:01,0.814114848,10.28457482
6/23/2020,6:01,0.715080779,12.25889169
6/23/2020,7:01,0.7249682,13.77854594
6/23/2020,8:01,0.758205403,14.64111698
6/23/2020,9:01,0.504360153,12.84326263
6/23/2020,10:01,0.068480326,NA
6/23/2020,11:01,0.004121013,NA
6/23/2020,12:01,0.003467586,NA
6/23/2020,13:01,0.332502118,-10.81854294
6/23/2020,14:01,0.637145082,-14.89010548
6/23/2020,15:01,0.530299039,-8.94521536
6/23/2020,16:01,0.49046365,-9.849861447
6/23/2020,17:01,0.270798434,-12.72821753
6/23/2020,18:01,0.091297181,NA
6/23/2020,19:01,0.06975342,NA
6/23/2020,20:01,0.480138323,-6.165871906
6/23/2020,21:01,0.140467533,NA
6/23/2020,22:01,0.243089776,-6.701859485
6/23/2020,23:01,0.004017148,NA
6/24/2020,0:01,0.204812964,3.744041882
6/24/2020,1:01,0.374823589,7.144059438
6/24/2020,2:01,0.40075869,7.864790337
6/24/2020,3:01,0.543512846,10.61887342
6/24/2020,4:01,0.512780755,11.4773612
6/24/2020,5:01,0.615100376,13.90587681
6/24/2020,6:01,0.617895396,14.57212948
6/24/2020,7:01,0.647901644,14.95751708
6/24/2020,8:01,0.670886244,16.85878564
6/24/2020,9:01,0.61178795,18.12428899
6/24/2020,10:01,0.304288201,13.10585242
6/24/2020,11:01,0.005259665,NA
6/24/2020,12:01,0.097725367,NA
6/24/2020,13:01,0.319995032,-10.18962614
6/24/2020,14:01,0.439179474,-13.2307203
6/24/2020,15:01,0.508390704,-10.36185251
6/24/2020,16:01,0.686027408,-11.05253689
6/24/2020,17:01,0.527546074,-11.42734924
6/24/2020,18:01,0.070955706,NA
6/24/2020,19:01,0.164761092,NA
6/24/2020,20:01,0.537604794,-7.920064874
6/24/2020,21:01,0.632284286,-5.498099699
6/24/2020,22:01,0.588279505,-5.842066103
6/24/2020,23:01,0.595157408,-6.817121658
6/25/2020,0:01,0.137743248,NA
6/25/2020,1:01,0.30957136,6.028828353
6/25/2020,2:01,0.42746845,9.080108484
6/25/2020,3:01,0.443840821,10.22912286
6/25/2020,4:01,0.638201466,16.47172298
6/25/2020,5:01,0.709521319,19.7583564
6/25/2020,6:01,0.626663751,18.62460741
6/25/2020,7:01,0.64702872,19.08647484
6/25/2020,8:01,0.675341715,20.62981825
6/25/2020,9:01,0.641971907,18.39980537
6/25/2020,10:01,0.528485669,18.50949709
6/25/2020,11:01,0.212947823,11.69049165
6/25/2020,12:01,0.045754697,NA
6/25/2020,13:01,0.011996357,NA
6/25/2020,14:01,0.344586799,-8.725825656
6/25/2020,15:01,0.272903264,-6.800804278
6/25/2020,16:01,0.476317038,-9.062933229
6/25/2020,17:01,0.419297528,-10.73953332
6/25/2020,18:01,0.209700857,-4.578639602
6/25/2020,19:01,0.321469118,-9.047012955
6/25/2020,20:01,0.797107132,-11.08097046
6/25/2020,21:01,0.813612346,-9.555421709
6/25/2020,22:01,0.650902397,-11.57235059
6/25/2020,23:01,0.374006514,-7.31107124
6/26/2020,0:01,0.172765169,NA
6/26/2020,1:01,0.278804719,1.881018721
6/26/2020,2:01,0.154408148,NA
6/26/2020,3:01,0.300215323,-3.69179287
6/26/2020,4:01,0.005400873,NA
6/26/2020,5:01,0.002387226,NA
6/26/2020,6:01,0.378839759,4.240472729
6/26/2020,7:01,0.623206355,10.19643905
6/26/2020,8:01,0.640253931,11.2250607
6/26/2020,9:01,0.519500962,11.28067911
6/26/2020,10:01,0.111231541,NA
6/26/2020,11:01,0.051351147,NA
6/26/2020,12:01,0.150779531,NA
6/26/2020,13:01,0.405710613,-10.38257616
6/26/2020,14:01,0.552643695,-13.9825351
6/26/2020,15:01,0.445568052,-13.79535696
6/26/2020,16:01,0.834184859,-9.953999937
6/26/2020,17:01,0.851274043,-8.2230291
6/26/2020,18:01,0.798951334,-10.17360359
6/26/2020,19:01,0.558079551,-10.58945309
6/26/2020,20:01,0.556205356,-12.74685545
6/26/2020,21:01,0.882455553,-10.39417939
6/26/2020,22:01,0.76616542,-5.119670591
6/26/2020,23:01,0.528161411,-6.763922929
6/27/2020,0:01,0.521683483,-4.665532389
6/27/2020,1:01,0.251026782,-3.084673621
6/27/2020,2:01,0.452857565,-3.129334295
6/27/2020,3:01,0.528511114,-4.000158477
6/27/2020,4:01,0.116322255,NA
6/27/2020,5:01,0.183889632,NA
6/27/2020,6:01,0.13081452,NA
6/27/2020,7:01,0.159405412,NA
6/27/2020,8:01,0.58636952,7.663145718
6/27/2020,9:01,0.173273894,NA
6/27/2020,10:01,0.003134644,NA
6/27/2020,11:01,0.165965372,NA
6/27/2020,12:01,0.315961926,-8.710299358
6/27/2020,13:01,0.357118956,-8.773316172
6/27/2020,14:01,0.579379201,-10.94322036
6/27/2020,15:01,0.594506283,-11.86929194
6/27/2020,16:01,0.562881555,-9.592288969
6/27/2020,17:01,0.492085157,-8.725863227
6/27/2020,18:01,0.078105914,NA
6/27/2020,19:01,0.591943302,-8.323320194
6/27/2020,20:01,0.341850475,-5.304234926
6/27/2020,21:01,0.281572929,-6.361887629
6/27/2020,22:01,0.331364183,-7.149587101
6/27/2020,23:01,0.086419526,NA
6/28/2020,0:01,0.003883189,NA
6/28/2020,1:01,0.470544234,7.399033242
6/28/2020,2:01,0.04859215,NA
6/28/2020,3:01,0.358495156,-4.262868816
6/28/2020,4:01,0.402480706,-6.978554137
6/28/2020,5:01,0.208418374,-4.877010226
6/28/2020,6:01,0.015734747,NA
6/28/2020,7:01,0.12443634,NA
6/28/2020,8:01,0.449850839,-4.869184459
6/28/2020,9:01,0.763922122,-7.740948885
6/28/2020,10:01,0.670552001,-6.740858388
6/28/2020,11:01,0.696153541,-7.269682391
6/28/2020,12:01,0.209279526,-5.785486488
6/28/2020,13:01,0.334577295,-6.852567996
6/28/2020,14:01,0.48796496,-9.008661112
6/28/2020,15:01,0.52455653,-7.02475523
6/28/2020,16:01,0.182085977,NA
6/28/2020,17:01,0.305073172,-9.051737012
6/28/2020,18:01,0.004129865,NA
6/28/2020,19:01,0.368273725,-5.842417289
6/28/2020,20:01,0.281743099,-5.791975347
6/28/2020,21:01,0.451263212,-7.504478374
6/28/2020,22:01,0.52334725,-9.042669308
6/28/2020,23:01,0.365082386,-5.127760401
6/29/2020,0:01,0.250577077,3.297533243
6/29/2020,1:01,0.473671515,6.578368175
6/29/2020,2:01,0.651190271,9.598691205
6/29/2020,3:01,0.408794232,9.710124247
6/29/2020,4:01,0.224477139,6.481517454
6/29/2020,5:01,0.221166403,7.370745261
6/29/2020,6:01,0.259955332,7.228593068
6/29/2020,7:01,0.295850962,8.487856994
6/29/2020,8:01,0.07889884,NA
6/29/2020,9:01,0.150993792,NA
6/29/2020,10:01,0.124895875,NA
6/29/2020,11:01,0.663070948,-7.045907815
6/29/2020,12:01,0.108925737,NA
6/29/2020,13:01,0.41789128,-8.970768471
6/29/2020,14:01,0.602527736,-9.164378072
6/29/2020,15:01,0.686337642,-8.491711172
6/29/2020,16:01,0.396089603,-6.338460422
6/29/2020,17:01,0.218520801,-5.938593294
6/29/2020,18:01,0.616727176,-7.637633309
6/29/2020,19:01,0.714091133,-8.464574853
6/29/2020,20:01,0.556684591,-8.480200297
6/29/2020,21:01,0.524410259,-8.986311467
6/29/2020,22:01,0.639510152,-6.026695665
6/29/2020,23:01,0.28882647,-8.307399399
6/30/2020,0:01,0.518950263,-6.077588984
6/30/2020,1:01,0.001016659,NA
6/30/2020,2:01,0.066921423,NA
6/30/2020,3:01,0.679339139,-8.634242208
6/30/2020,4:01,0.793597836,-6.821303541
6/30/2020,5:01,0.92597422,-6.6368634
6/30/2020,6:01,0.946862596,-5.585435514
6/30/2020,7:01,0.908844554,-6.659043974
6/30/2020,8:01,0.734199213,-6.244525644
6/30/2020,9:01,0.650341373,-5.687533678
6/30/2020,10:01,0.916459221,-6.640232805
6/30/2020,11:01,0.374125301,-4.845408674
6/30/2020,12:01,0.097562039,NA
6/30/2020,13:01,0.282037985,-7.973461374
6/30/2020,14:01,0.516756824,-10.53620635
6/30/2020,15:01,0.676359452,-8.28788638
6/30/2020,16:01,0.700094335,-6.90205396
6/30/2020,17:01,0.702316537,-9.493462629
6/30/2020,18:01,0.76337914,-7.470514011
6/30/2020,19:01,0.883760793,-8.637025608
6/30/2020,20:01,0.849107573,-9.877148051
6/30/2020,21:01,0.478115233,-6.343730826
6/30/2020,22:01,0.599152732,-8.662709696
6/30/2020,23:01,0.720508463,-11.19669027
,,,
,,,
,,,
,,,
,,,
,,,
,,,
,,,
,,,
,,,
,,,
,,,
,,,
,,,
,,,
,,,
,,,
,,,
,,,
,,,
,,,
,,,
,,,
,,,
,,,
,,,
,,,
,,,
,,,
,,,
,,,
,,,
,,,
,,,
,,,
,,,
,,,
,,,
,,,
,,,
,,,
,,,
,,,
,,,
,,,
,,,
,,,
,,,
,,,
,,,
,,,
,,,
,,,
,,,
,,,
,,,
,,,
,,,
,,,
,,,
,,,
,,,
,,,
,,,
,,,
,,,
,,,
,,,
,,,
,,,
,,,
,,,
,,,
,,,
,,,
,,,
,,,
,,,
,,,
,,,
,,,
,,,
,,,
,,,
,,,
,,,
,,,
,,,
,,,
,,,
,,,
,,,
,,,
,,,
,,,
,,,
,,,
,,,
,,,
,,,
,,,
,,,
,,,
,,,
,,,
,,,
,,,
,,,
,,,
,,,
,,,
,,,
,,,
,,,
,,,
,,,
,,,
,,,
,,,
,,,
,,,
,,,
,,,
,,,
,,,
,,,
,,,
,,,
,,,
,,,
,,,
,,,
,,,
,,,
,,,
,,,
,,,
,,,
,,,
,,,
,,,
,,,
,,,
,,,
,,,
,,,
,,,
,,,
,,,
,,,
,,,
,,,
,,,
,,,
,,,
,,,
,,,
,,,
,,,
,,,
,,,
,,,
,,,
,,,
,,,
,,,
,,,
,,,
,,,
,,,
,,,
,,,
,,,
,,,
,,,
,,,
,,,
,,,
,,,
,,,
,,,
,,,
,,,
,,,
,,,
,,,
,,,
,,,
,,,
,,,
,,,
,,,
,,,
,,,
,,,
,,,
,,,
,,,
,,,
,,,
,,,
,,,
,,,
,,,
,,,
,,,
,,,
,,,
,,,
,,,
,,,
,,,
,,,
,,,
,,,
,,,
,,,
,,,
,,,
,,,
,,,
,,,
,,,
,,,
,,,
,,,
,,,
,,,
,,,
,,,
,,,
,,,
,,,
,,,
,,,
,,,
,,,
,,,
,,,
,,,
,,,
,,,
,,,
,,,
,,,
,,,
,,,
,,,
,,,
,,,
,,,
,,,
,,,
,,,
,,,
,,,
,,,
,,,
,,,
,,,
,,,
,,,
,,,
,,,
,,,
,,,
,,,
,,,
,,,
,,,
,,,
,,,
,,,
,,,
,,,
,,,
,,,
,,,
,,,
,,,
,,,
,,,
,,,
,,,
,,,
,,,
,,,
,,,
,,,
,,,
,,,
,,,
,,,
,,,
,,,
,,,
,,,
,,,
,,,
,,,
,,,
,,,
,,,
,,,
,,,
,,,
,,,
,,,
,,,
,,,
,,,
,,,
,,,
,,,
,,,
,,,
,,,
,,,
,,,
,,,
,,,
,,,
,,,
,,,
,,,
,,,
,,,
,,,
,,,
,,,
,,,
,,,
,,,
,,,
,,,
,,,
,,,
,,,
,,,
,,,
,,,
,,,
,,,
,,,
,,,
,,,
,,,
,,,
,,,
,,,
,,,
,,,
,,,
,,,
,,,
,,,
,,,
,,,
,,,
,,,
,,,
,,,
,,,
,,,
,,,
,,,
,,,
,,,
,,,
,,,
,,,
,,,
,,,
,,,
,,,
,,,
,,,
,,,
,,,
,,,
,,,
,,,
,,,
,,,
,,,
,,,
,,,
,,,
,,,
,,,
,,,
,,,
,,,
,,,
,,,
,,,
,,,
,,,
,,,
,,,
,,,
,,,
,,,
,,,
,,,
,,,
,,,
,,,
,,,
,,,
,,,
,,,
,,,
,,,
,,,
,,,
,,,
,,,
,,,
,,,
,,,
,,,
,,,
,,,
,,,
,,,
,,,
,,,
,,,
,,,
,,,
,,,
,,,
,,,
,,,
,,,
,,,
,,,
,,,
,,,
,,,
,,,
,,,
,,,
,,,
,,,
,,,
,,,
,,,
,,,
,,,
,,,
,,,
,,,
,,,
,,,
,,,
,,,
,,,
,,,
,,,
,,,
,,,
,,,
,,,
,,,
,,,
,,,
,,,
,,,
,,,
,,,
,,,
,,,
,,,
,,,
,,,
,,,
,,,
,,,
,,,
,,,
,,,
,,,
,,,
,,,
,,,
,,,
,,,
,,,
,,,
,,,
,,,
,,,
,,,
,,,
,,,
,,,
,,,
,,,
,,,
,,,
,,,
,,,
,,,
,,,
,,,
,,,
,,,
,,,
,,,
,,,
,,,
,,,
,,,
,,,
,,,
,,,
,,,
,,,
,,,
,,,
,,,
,,,
,,,
,,,
,,,
,,,
,,,
,,,
,,,
,,,
,,,
,,,
,,,
,,,
,,,
,,,
,,,
,,,
,,,
,,,
,,,
,,,
,,,
,,,
,,,
,,,
,,,
,,,
,,,
,,,
,,,
,,,
,,,
,,,
,,,
,,,
,,,
,,,
,,,
,,,
,,,
,,,
,,,
,,,
,,,
,,,
,,,
,,,
,,,
,,,
,,,
,,,
,,,
,,,
,,,
,,,
,,,
,,,
,,,
,,,
,,,
,,,
,,,
,,,
,,,
,,,
,,,
,,,
,,,
,,,
,,,
,,,
,,,
,,,
,,,
,,,
,,,
,,,
,,,
,,,
,,,
,,,
,,,
,,,
,,,
,,,
,,,
,,,
,,,
,,,
,,,
,,,
,,,
,,,
,,,
,,,
,,,
,,,
,,,
,,,
,,,
,,,
,,,
,,,
,,,
,,,
,,,
,,,
,,,
,,,
,,,
,,,
,,,
,,,
,,,
,,,
,,,
,,,
,,,
,,,
,,,
,,,
,,,
,,,
,,,
,,,
,,,
,,,
,,,
,,,
,,,
,,,
,,,
,,,
,,,
,,,
,,,
,,,
,,,
,,,
,,,
,,,
,,,
,,,
,,,
,,,
,,,
,,,
,,,
,,,
,,,
,,,
,,,
,,,
,,,
,,,
,,,
,,,
,,,
,,,
,,,
,,,
,,,
,,,
,,,
,,,
,,,
,,,
,,,
,,,
,,,
,,,
,,,
,,,
,,,
,,,
,,,
,,,
,,,
,,,
,,,
,,,
,,,
,,,
,,,
,,,
,,,
,,,
,,,
,,,
,,,
,,,
,,,
,,,
,,,
,,,
,,,
,,,
,,,
,,,
,,,
,,,
,,,
,,,
,,,
,,,
,,,
,,,
,,,
,,,
,,,
,,,
,,,
,,,
,,,
,,,
,,,
,,,
,,,
,,,
,,,
,,,
,,,
,,,
,,,
,,,
,,,
,,,
,,,
,,,
,,,
,,,
,,,
,,,
,,,
,,,
,,,
,,,
,,,
,,,
,,,
,,,
,,,
,,,
,,,
,,,
,,,
,,,
,,,
,,,
,,,
,,,
,,,
,,,
,,,
,,,
,,,
,,,
,,,
,,,
,,,
,,,
,,,
,,,
,,,
,,,
,,,
,,,
,,,
,,,
,,,
,,,
,,,
,,,
,,,
,,,
,,,
,,,
,,,
,,,
,,,
,,,
,,,
,,,
,,,
,,,
,,,
,,,
,,,
,,,
,,,
,,,
,,,
,,,
,,,
,,,
,,,
,,,
,,,
,,,
,,,
,,,
,,,
,,,
,,,
,,,
,,,
,,,
,,,
,,,
,,,
,,,
,,,
,,,
,,,
,,,
,,,
,,,
,,,
,,,
,,,
,,,
,,,
,,,
,,,
,,,
,,,
,,,
,,,
,,,
,,,
,,,
,,,
,,,
,,,
,,,
,,,
,,,
,,,
,,,
,,,
,,,
,,,
,,,
,,,
,,,
,,,
,,,
,,,
,,,
,,,
,,,
,,,
,,,
,,,
,,,
,,,
,,,
,,,
,,,
,,,
,,,
,,,
,,,
,,,
,,,
,,,
,,,
,,,
,,,
,,,
,,,
,,,
,,,
,,,
,,,
,,,
,,,
,,,
,,,
,,,
,,,
,,,
,,,
,,,
,,,
,,,
,,,
,,,
,,,
,,,
,,,
,,,
,,,
,,,
,,,
,,,
,,,
,,,
,,,
,,,
,,,
,,,
,,,
,,,
,,,
,,,
,,,
,,,
,,,
,,,
,,,
,,,
,,,
,,,
,,,
,,,
,,,
,,,
,,,
,,,
,,,
,,,
,,,
,,,
,,,
,,,
,,,
,,,
,,,
,,,
,,,
,,,
,,,
,,,
,,,
,,,
,,,
,,,
,,,
,,,
,,,
,,,
,,,
,,,
,,,
,,,
,,,
,,,
,,,
,,,
,,,
,,,
,,,
,,,
,,,
,,,
,,,
,,,
,,,
,,,
,,,
,,,
,,,
,,,
,,,
,,,
,,,
,,,
,,,
,,,
,,,
,,,
,,,
,,,
,,,
,,,
,,,
,,,
,,,
,,,
,,,
,,,
,,,
,,,
,,,
,,,
,,,
,,,
,,,
,,,
,,,
,,,
,,,
,,,
,,,
,,,
,,,
,,,
,,,
,,,
,,,
,,,
,,,
,,,
,,,
,,,
,,,
,,,
,,,
,,,
,,,
,,,
,,,
,,,
,,,
,,,
,,,
,,,
,,,
,,,
,,,
,,,
,,,
,,,
,,,
,,,
,,,
,,,
,,,
,,,
,,,
,,,
,,,
,,,
,,,
,,,
,,,
,,,
,,,
,,,
,,,
,,,
,,,
,,,
,,,
,,,
,,,
,,,
,,,
,,,
,,,
,,,
,,,
,,,
,,,
,,,
,,,
,,,
,,,
,,,
,,,
,,,
,,,
,,,
,,,
,,,
,,,
,,,
,,,
,,,
,,,
,,,
,,,
,,,
,,,
,,,
,,,
,,,
,,,
,,,
,,,
,,,
,,,
,,,
,,,
,,,
,,,
,,,
,,,
,,,
,,,
,,,
,,,
,,,
,,,
,,,
,,,
,,,
,,,
,,,
,,,
,,,
,,,
,,,
,,,
,,,
,,,
,,,
,,,
,,,
,,,
,,,
,,,
,,,
,,,
,,,
,,,
,,,
,,,
,,,
,,,
,,,
,,,
,,,
,,,
,,,
,,,
,,,
,,,
,,,
,,,
,,,
,,,
,,,
,,,
,,,
,,,
,,,
,,,
,,,
,,,
,,,
,,,
,,,
,,,
,,,
,,,
,,,
,,,
,,,
,,,
,,,
,,,
,,,
,,,
,,,
,,,
,,,
,,,
,,,
,,,
,,,
,,,
,,,
,,,
,,,
,,,
,,,
,,,
,,,
,,,
,,,
,,,
,,,
,,,
,,,
,,,
,,,
,,,
,,,
,,,
,,,
,,,
,,,
,,,
,,,
,,,
,,,
,,,
,,,
,,,
,,,
,,,
,,,
,,,
,,,
,,,
,,,
,,,
,,,
,,,
,,,
,,,
,,,
,,,
,,,
,,,
,,,
,,,
,,,
,,,
,,,
,,,
,,,
,,,
,,,
,,,
,,,
,,,
,,,
,,,
,,,
,,,
,,,
,,,
,,,
,,,
,,,
,,,
,,,
,,,
,,,
,,,
,,,
,,,
,,,
,,,
,,,
,,,
,,,
,,,
,,,
,,,
,,,
,,,
,,,
,,,
,,,
,,,
,,,
,,,
,,,
,,,
,,,
,,,
,,,
,,,
,,,
,,,
,,,
,,,
,,,
,,,
,,,
,,,
,,,
,,,
,,,
,,,
,,,
,,,
,,,
,,,
,,,
,,,
,,,
,,,
,,,
,,,
,,,
,,,
,,,
,,,
,,,
,,,
,,,
,,,
,,,
,,,
,,,
,,,
,,,
,,,
,,,
,,,
,,,
,,,
,,,
,,,
,,,
,,,
,,,
,,,
,,,
,,,
,,,
,,,
,,,
,,,
,,,
,,,
,,,
,,,
,,,
,,,
,,,
,,,
,,,
,,,
,,,
,,,
,,,
,,,
,,,
,,,
,,,
,,,
,,,
,,,
,,,
,,,
,,,
,,,
,,,
,,,
,,,
,,,
,,,
,,,
,,,
,,,
,,,
,,,
,,,
,,,
,,,
,,,
,,,
,,,
,,,
,,,
,,,
,,,
,,,
,,,
,,,
,,,
,,,
,,,
,,,
,,,
,,,
,,,
,,,
,,,
,,,
,,,
,,,
,,,
,,,
,,,
,,,
,,,
,,,
,,,
,,,
,,,
,,,
,,,
,,,
,,,
,,,
,,,
,,,
,,,
,,,
,,,
,,,
,,,
,,,
,,,
,,,
,,,
,,,
,,,
,,,
,,,
,,,
,,,
,,,
,,,
,,,
,,,
,,,
,,,
,,,
,,,
,,,
,,,
,,,
,,,
,,,
,,,
,,,
,,,
,,,
,,,
,,,
,,,
,,,
,,,
,,,
,,,
,,,
,,,
,,,
,,,
,,,
,,,
,,,
,,,
,,,
,,,
,,,
,,,
,,,
,,,
,,,
,,,
,,,
,,,
,,,
,,,
,,,
,,,
,,,
,,,
,,,
,,,
,,,
,,,
,,,
,,,
,,,
,,,
,,,
,,,
,,,
,,,
,,,
,,,
,,,
,,,
,,,
,,,
,,,
,,,
,,,
,,,
,,,
,,,
,,,
,,,
,,,
,,,
,,,
,,,
,,,
,,,
,,,
,,,
,,,
,,,
,,,
,,,
,,,
,,,
,,,
,,,
,,,
,,,
,,,
,,,
,,,
,,,
,,,
,,,
,,,
,,,
,,,
,,,
,,,
,,,
,,,
,,,
,,,
,,,
,,,
,,,
,,,
,,,
,,,
,,,
,,,
,,,
,,,
,,,
,,,
,,,
,,,
,,,
,,,
,,,
,,,
,,,
,,,
,,,
,,,
,,,
,,,
,,,
,,,
,,,
,,,
,,,
,,,
,,,
,,,
,,,
,,,
,,,
,,,
,,,
,,,
,,,
,,,
,,,
,,,
,,,
,,,
,,,
,,,
,,,
,,,
,,,
,,,
,,,
,,,
,,,
,,,
,,,
,,,
,,,
,,,
,,,
,,,
,,,
,,,
,,,
,,,
,,,
,,,
,,,
,,,
,,,
,,,
,,,
,,,
,,,
,,,
,,,
,,,
,,,
,,,
,,,
,,,
,,,
,,,
,,,
,,,
,,,
,,,
,,,
,,,
,,,
,,,
,,,
,,,
,,,
,,,
,,,
,,,
,,,
,,,
,,,
,,,
,,,
,,,
,,,
,,,
,,,
,,,
,,,
,,,
,,,
,,,
,,,
,,,
,,,
,,,
,,,
,,,
,,,
,,,
,,,
,,,
,,,
,,,
,,,
,,,
,,,
,,,
,,,
,,,
,,,
,,,
,,,
,,,
,,,
,,,
,,,
,,,
,,,
,,,
,,,
,,,
,,,
,,,
,,,
,,,
,,,
,,,
,,,
,,,
,,,
,,,
,,,
,,,
,,,
,,,
,,,
,,,
,,,
,,,
,,,
,,,
,,,
,,,
,,,
,,,
,,,
,,,
,,,
,,,
,,,
,,,
,,,
,,,
,,,
,,,
,,,
,,,
,,,
,,,
,,,
,,,
,,,
,,,
,,,
,,,
,,,
,,,
,,,
,,,
,,,
,,,
,,,
,,,
,,,
,,,
,,,
,,,
,,,
,,,
,,,
,,,
,,,
,,,
,,,
,,,
,,,
,,,
,,,
,,,
,,,
,,,
,,,
,,,
,,,
,,,
,,,
,,,
,,,
,,,
,,,
,,,
,,,
,,,
,,,
,,,
,,,
,,,
,,,
,,,
,,,
,,,
,,,
,,,
,,,
,,,
,,,
,,,
,,,
,,,
,,,
,,,
,,,
,,,
,,,
,,,
,,,
,,,
,,,
,,,
,,,
,,,
,,,
,,,
,,,
,,,
,,,
,,,
,,,
,,,
,,,
,,,
,,,
,,,
,,,
,,,
,,,
,,,
,,,
,,,
,,,
,,,
,,,
,,,
,,,
,,,
,,,
,,,
,,,
,,,
,,,
,,,
,,,
,,,
,,,
,,,
,,,
,,,
,,,
,,,
,,,
,,,
,,,
,,,
,,,
,,,
,,,
,,,
,,,
,,,
,,,
,,,
,,,
,,,
,,,
,,,
,,,
,,,
,,,
,,,
,,,
,,,
,,,
,,,
,,,
,,,
,,,
,,,
,,,
,,,
,,,
,,,
,,,
,,,
,,,
,,,
,,,
,,,
,,,
,,,
,,,
,,,
,,,
,,,
,,,
,,,
,,,
,,,
,,,
,,,
,,,
,,,
,,,
,,,
,,,
,,,
,,,
,,,
,,,
,,,
,,,
,,,
,,,
,,,
,,,
,,,
,,,
,,,
,,,
,,,
,,,
,,,
,,,
,,,
,,,
,,,
,,,
,,,
,,,
,,,
,,,
,,,
,,,
,,,
,,,
,,,
,,,
,,,
,,,
,,,
,,,
,,,
,,,
,,,
,,,
,,,
,,,
,,,
,,,
,,,
,,,
,,,
,,,
,,,
,,,
,,,
,,,
,,,
,,,
,,,
,,,
,,,
,,,
,,,
,,,
,,,
,,,
,,,
,,,
,,,
,,,
,,,
,,,
,,,
,,,
,,,
,,,
,,,
,,,
,,,
,,,
,,,
,,,
,,,
,,,
,,,
,,,
,,,
,,,
,,,
,,,
,,,
,,,
,,,
,,,
,,,
,,,
,,,
,,,
,,,
,,,
,,,
,,,
,,,
,,,
,,,
,,,
,,,
,,,
,,,
,,,
,,,
,,,
,,,
,,,
,,,
,,,
,,,
,,,
,,,
,,,
,,,
,,,
,,,
,,,
,,,
,,,
,,,
,,,
,,,
,,,
,,,
,,,
,,,
,,,
,,,
,,,
,,,
,,,
,,,
,,,
,,,
,,,
,,,
,,,
,,,
,,,
,,,
,,,
,,,
,,,
,,,
,,,
,,,
,,,
,,,
,,,
,,,
,,,
,,,
,,,
,,,
,,,
,,,
,,,
,,,
,,,
,,,
,,,
,,,
,,,
,,,
,,,
,,,
,,,
,,,
,,,
,,,
,,,
,,,
,,,
,,,
,,,
,,,
,,,
,,,
,,,
,,,
,,,
,,,
,,,
,,,
,,,
,,,
,,,
,,,
,,,
,,,
,,,
,,,
,,,
,,,
,,,
,,,
,,,
,,,
,,,
,,,
,,,
,,,
,,,
,,,
,,,
,,,
,,,
,,,
,,,
,,,
,,,
,,,
,,,
,,,
,,,
,,,
,,,
,,,
,,,
,,,
,,,
,,,
,,,
,,,
,,,
,,,
,,,
,,,
,,,
,,,
,,,
,,,
,,,
,,,
,,,
,,,
,,,
,,,
,,,
,,,
,,,
,,,
,,,
,,,
,,,
,,,
,,,
,,,
,,,
,,,
,,,
,,,
,,,
,,,
,,,
,,,
,,,
,,,
,,,
,,,
,,,
,,,
,,,
,,,
,,,
,,,
,,,
,,,
,,,
,,,
,,,
,,,
,,,
,,,
,,,
,,,
,,,
,,,
,,,
,,,
,,,
,,,
,,,
,,,
,,,
,,,
,,,
,,,
,,,
,,,
,,,
,,,
,,,
,,,
,,,
,,,
,,,
,,,
,,,
,,,
,,,
,,,
,,,
,,,
,,,
,,,
,,,
,,,
,,,
,,,
,,,
,,,
,,,
,,,
,,,
,,,
,,,
,,,
,,,
,,,
,,,
,,,
,,,
,,,
,,,
,,,
,,,
,,,
,,,
,,,
,,,
,,,
,,,
,,,
,,,
,,,
,,,
,,,
,,,
,,,
,,,
,,,
,,,
,,,
,,,
,,,
,,,
,,,
,,,
,,,
,,,
,,,
,,,
,,,
,,,
,,,
,,,
,,,
,,,
,,,
,,,
,,,
,,,
,,,
,,,
,,,
,,,
,,,
,,,
,,,
,,,
,,,
,,,
,,,
,,,
,,,
,,,
,,,
,,,
,,,
,,,
,,,
,,,
,,,
,,,
,,,
,,,
,,,
,,,
,,,
,,,
,,,
,,,
,,,
,,,
,,,
,,,
,,,
,,,
,,,
,,,
,,,
,,,
,,,
,,,
,,,
,,,
,,,
,,,
,,,
,,,
,,,
,,,
,,,
,,,
,,,
,,,
,,,
,,,
,,,
,,,
,,,
,,,
,,,
,,,
,,,
,,,
,,,
,,,
,,,
,,,
,,,
,,,
,,,
,,,
,,,
,,,
,,,
,,,
,,,
,,,
,,,
,,,
,,,
,,,
,,,
,,,
,,,
,,,
,,,
,,,
,,,
,,,
,,,
,,,
,,,
,,,
,,,
,,,
,,,
,,,
,,,
,,,
,,,
,,,
,,,
,,,
,,,
,,,
,,,
,,,
,,,
,,,
,,,
,,,
,,,
,,,
,,,
,,,
,,,
,,,
,,,
,,,
,,,
,,,
,,,
,,,
,,,
,,,
,,,
,,,
,,,
,,,
,,,
,,,
,,,
,,,
,,,
,,,
,,,
,,,
,,,
,,,
,,,
,,,
,,,
,,,
,,,
,,,
,,,
,,,
,,,
,,,
,,,
,,,
,,,
,,,
,,,
,,,
,,,
,,,
,,,
,,,
,,,
,,,
,,,
,,,
,,,
,,,
,,,
,,,
,,,
,,,
,,,
,,,
,,,
,,,
,,,
,,,
,,,
,,,
,,,
,,,
,,,
,,,
,,,
,,,
,,,
,,,
,,,
,,,
,,,
,,,
,,,
,,,
,,,
,,,
,,,
,,,
,,,
,,,
,,,
,,,
,,,
,,,
,,,
,,,
,,,
,,,
,,,
,,,
,,,
,,,
,,,
,,,
,,,
,,,
,,,
,,,
,,,
,,,
,,,
,,,
,,,
,,,
,,,
,,,
,,,
,,,
,,,
,,,
,,,
,,,
,,,
,,,
,,,
,,,
,,,
,,,
,,,
,,,
,,,
,,,
,,,
,,,
,,,
,,,
,,,
,,,
,,,
,,,
,,,
,,,
,,,
,,,
,,,
,,,
,,,
,,,
,,,
,,,
,,,
,,,
,,,
,,,
,,,
,,,
,,,
,,,
,,,
,,,
,,,
,,,
,,,
,,,
,,,
,,,
,,,
,,,
,,,
,,,
,,,
,,,
,,,
,,,
,,,
,,,
,,,
,,,
,,,
,,,
,,,
,,,
,,,
,,,
,,,
,,,
,,,
,,,
,,,
,,,
,,,
,,,
,,,
,,,
,,,
,,,
,,,
,,,
,,,
,,,
,,,
,,,
,,,
,,,
,,,
,,,
,,,
,,,
,,,
,,,
,,,
,,,
,,,
,,,
,,,
,,,
,,,
,,,
,,,
,,,
,,,
,,,
,,,
,,,
,,,
,,,
,,,
,,,
,,,
,,,
,,,
,,,
,,,
,,,
,,,
,,,
,,,
,,,
,,,
,,,
,,,
,,,
,,,
,,,
,,,
,,,
,,,
,,,
,,,
,,,
,,,
,,,
,,,
,,,
,,,
,,,
,,,
,,,
,,,
,,,
,,,
,,,
,,,
,,,
,,,
,,,
,,,
,,,
,,,
,,,
,,,
,,,
,,,
,,,
,,,
,,,
,,,
,,,
,,,
,,,
,,,
,,,
,,,
,,,
,,,
,,,
,,,
,,,
,,,
,,,
,,,
,,,
,,,
,,,
,,,
,,,
,,,
,,,
,,,
,,,
,,,
,,,
,,,
,,,
,,,
,,,
,,,
,,,
,,,
,,,
,,,
,,,
,,,
,,,
,,,
,,,
,,,
,,,
,,,
,,,
,,,
,,,
,,,
,,,
,,,
,,,
,,,
,,,
,,,
,,,
,,,
,,,
,,,
,,,
,,,
,,,
,,,
,,,
,,,
,,,
,,,
,,,
,,,
,,,
,,,
,,,
,,,
,,,
,,,
,,,
,,,
,,,
,,,
,,,
,,,
,,,
,,,
,,,
,,,
,,,
,,,
,,,
,,,
,,,
,,,
,,,
,,,
,,,
,,,
,,,
,,,
,,,
,,,
,,,
,,,
,,,
,,,
,,,
,,,
,,,
,,,
,,,
,,,
,,,
,,,
,,,
,,,
,,,
,,,
,,,
,,,
,,,
,,,
,,,
,,,
,,,
,,,
,,,
,,,
,,,
,,,
,,,
,,,
,,,
,,,
,,,
,,,
,,,
,,,
,,,
,,,
,,,
,,,
,,,
,,,
,,,
,,,
,,,
,,,
,,,
,,,
,,,
,,,
,,,
,,,
,,,
,,,
,,,
,,,
,,,
,,,
,,,
,,,
,,,
,,,
,,,
,,,
,,,
,,,
,,,
,,,
,,,
,,,
,,,
,,,
,,,
,,,
,,,
,,,
,,,
,,,
,,,
,,,
,,,
,,,
,,,
,,,
,,,
,,,
,,,
,,,
,,,
,,,
,,,
,,,
,,,
,,,
,,,
,,,
,,,
,,,
,,,
,,,
,,,
,,,
,,,
,,,
,,,
,,,
,,,
,,,
,,,
,,,
,,,
,,,
,,,
,,,
,,,
,,,
,,,
,,,
,,,
,,,
,,,
,,,
,,,
,,,
,,,
,,,
,,,
,,,
,,,
,,,
,,,
,,,
,,,
,,,
,,,
,,,
,,,
,,,
,,,
,,,
,,,
,,,
,,,
,,,
,,,
,,,
,,,
,,,
,,,
,,,
,,,
,,,
,,,
,,,
,,,
,,,
,,,
,,,
,,,
,,,
,,,
,,,
,,,
,,,
,,,
,,,
,,,
,,,
,,,
,,,
,,,
,,,
,,,
,,,
,,,
,,,
,,,
,,,
,,,
,,,
,,,
,,,
,,,
,,,
,,,
,,,
,,,
,,,
,,,
,,,
,,,
,,,
,,,
,,,
,,,
,,,
,,,
,,,
,,,
,,,
,,,
,,,
,,,
,,,
,,,
,,,
,,,
,,,
,,,
,,,
,,,
,,,
,,,
,,,
,,,
,,,
,,,
,,,
,,,
,,,
,,,
,,,
,,,
,,,
,,,
,,,
,,,
,,,
,,,
,,,
,,,
,,,
,,,
,,,
,,,
,,,
,,,
,,,
,,,
,,,
,,,
,,,
,,,
,,,
,,,
,,,
,,,
,,,
,,,
,,,
,,,
,,,
,,,
,,,
,,,
,,,
,,,
,,,
,,,
,,,
,,,
,,,
,,,
,,,
,,,
,,,
,,,
,,,
,,,
,,,
,,,
,,,
,,,
,,,
,,,
,,,
,,,
,,,
,,,
,,,
,,,
,,,
,,,
,,,
,,,
,,,
,,,
,,,
,,,
,,,
,,,
,,,
,,,
,,,
,,,
,,,
,,,
,,,
,,,
,,,
,,,
,,,
,,,
,,,
,,,
,,,
,,,
,,,
,,,
,,,
,,,
,,,
,,,
,,,
,,,
,,,
,,,
,,,
,,,
,,,
,,,
,,,
,,,
,,,
,,,
,,,
,,,
,,,
,,,
,,,
,,,
,,,
,,,
,,,
,,,
,,,
,,,
,,,
,,,
,,,
,,,
,,,
,,,
,,,
,,,
,,,
,,,
,,,
,,,
,,,
,,,
,,,
,,,
,,,
,,,
,,,
,,,
,,,
,,,
,,,
,,,
,,,
,,,
,,,
,,,
,,,
,,,
,,,
,,,
,,,
,,,
,,,
,,,
,,,
,,,
,,,
,,,
,,,
,,,
,,,
,,,
,,,
,,,
,,,
,,,
,,,
,,,
,,,
,,,
,,,
,,,
,,,
,,,
,,,
,,,
,,,
,,,
,,,
,,,
,,,
,,,
,,,
,,,
,,,
,,,
,,,
,,,
,,,
,,,
,,,
,,,
,,,
,,,
,,,
,,,
,,,
,,,
,,,
,,,
,,,
,,,
,,,
,,,
,,,
,,,
,,,
,,,
,,,
,,,
,,,
,,,
,,,
,,,
,,,
,,,
,,,
,,,
,,,
,,,
,,,
,,,
,,,
,,,
,,,
,,,
,,,
,,,
,,,
,,,
,,,
,,,
,,,
,,,
,,,
,,,
,,,
,,,
,,,
,,,
,,,
,,,
,,,
,,,
,,,
,,,
,,,
,,,
,,,
,,,
,,,
,,,
,,,
,,,
,,,
,,,
,,,
,,,
,,,
,,,
,,,
,,,
,,,
,,,
,,,
,,,
,,,
,,,
,,,
,,,
,,,
,,,
,,,
,,,
,,,
,,,
,,,
,,,
,,,
,,,
,,,
,,,
,,,
,,,
,,,
,,,
,,,
,,,
,,,
,,,
,,,
,,,
,,,
,,,
,,,
,,,
,,,
,,,
,,,
,,,
,,,
,,,
,,,
,,,
,,,
,,,
,,,
,,,
,,,
,,,
,,,
,,,
,,,
,,,
,,,
,,,
,,,
,,,
,,,
,,,
,,,
,,,
,,,
,,,
,,,
,,,
,,,
,,,
,,,
,,,
,,,
,,,
,,,
,,,
,,,
,,,
,,,
,,,
,,,
,,,
,,,
,,,
,,,
,,,
,,,
,,,
,,,
,,,
,,,
,,,
,,,
,,,
,,,
,,,
,,,
,,,
,,,
,,,
,,,
,,,
,,,
,,,
,,,
,,,
,,,
,,,
,,,
,,,
,,,
,,,
,,,
,,,
,,,
,,,
,,,
,,,
,,,
,,,
,,,
,,,
,,,
,,,
,,,
,,,
,,,
,,,
,,,
,,,
,,,
,,,
,,,
,,,
,,,
,,,
,,,
,,,
,,,
,,,
,,,
,,,
,,,
,,,
,,,
,,,
,,,
,,,
,,,
,,,
,,,
,,,
,,,
,,,
,,,
,,,
,,,
,,,
,,,
,,,
,,,
,,,
,,,
,,,
,,,
,,,
,,,
,,,
,,,
,,,
,,,
,,,
,,,
,,,
,,,
,,,
,,,
,,,
,,,
,,,
,,,
,,,
,,,
,,,
,,,
,,,
,,,
,,,
,,,
,,,
,,,
,,,
,,,
,,,
,,,
,,,
,,,
,,,
,,,
,,,
,,,
,,,
,,,
,,,
,,,
,,,
,,,
,,,
,,,
,,,
,,,
,,,
,,,
,,,
,,,
,,,
,,,
,,,
,,,
,,,
,,,
,,,
,,,
,,,
,,,
,,,
,,,
,,,
,,,
,,,
,,,
,,,
,,,
,,,
,,,
,,,
,,,
,,,
,,,
,,,
,,,
,,,
,,,
,,,
,,,
,,,
,,,
,,,
,,,
,,,
,,,
,,,
,,,
,,,
,,,
,,,
,,,
,,,
,,,
,,,
,,,
,,,
,,,
,,,
,,,
,,,
,,,
,,,
,,,
,,,
,,,
,,,
,,,
,,,
,,,
,,,
,,,
,,,
,,,
,,,
,,,
,,,
,,,
,,,
,,,
,,,
,,,
,,,
,,,
,,,
,,,
,,,
,,,
,,,
,,,
,,,
,,,
,,,
,,,
,,,
,,,
,,,
,,,
,,,
,,,
,,,
,,,
,,,
,,,
,,,
,,,
,,,
,,,
,,,
,,,
,,,
,,,
,,,
,,,
,,,
,,,
,,,
,,,
,,,
,,,
,,,
,,,
,,,
,,,
,,,
,,,
,,,
,,,
,,,
,,,
,,,
,,,
,,,
,,,
,,,
,,,
,,,
,,,
,,,
,,,
,,,
,,,
,,,
,,,
,,,
,,,
,,,
,,,
,,,
,,,
,,,
,,,
,,,
,,,
,,,
,,,
,,,
,,,
,,,
,,,
,,,
,,,
,,,
,,,
,,,
,,,
,,,
,,,
,,,
,,,
,,,
,,,
,,,
,,,
,,,
,,,
,,,
,,,
,,,
,,,
,,,
,,,
,,,
,,,
,,,
,,,
,,,
,,,
,,,
,,,
,,,
,,,
,,,
,,,
,,,
,,,
,,,
,,,
,,,
,,,
,,,
,,,
,,,
,,,
,,,
,,,
,,,
,,,
,,,
,,,
,,,
,,,
,,,
,,,
,,,
,,,
,,,
,,,
,,,
,,,
,,,
,,,
,,,
,,,
,,,
,,,
,,,
,,,
,,,
,,,
,,,
,,,
,,,
,,,
,,,
,,,
,,,
,,,
,,,
,,,
,,,
,,,
,,,
,,,
,,,
,,,
,,,
,,,
,,,
,,,
,,,
,,,
,,,
,,,
,,,
,,,
,,,
,,,
,,,
,,,
,,,
,,,
,,,
,,,
,,,
,,,
,,,
,,,
,,,
,,,
,,,
,,,
,,,
,,,
,,,
,,,
,,,
,,,
,,,
,,,
,,,
,,,
,,,
,,,
,,,
,,,
,,,
,,,
,,,
,,,
,,,
,,,
,,,
,,,
,,,
,,,
,,,
,,,
,,,
,,,
,,,
,,,
,,,
,,,
,,,
,,,
,,,
,,,
,,,
,,,
,,,
,,,
,,,
,,,
,,,
,,,
,,,
,,,
,,,
,,,
,,,
,,,
,,,
,,,
,,,
,,,
,,,
,,,
,,,
,,,
,,,
,,,
,,,
,,,
,,,
,,,
,,,
,,,
,,,
,,,
,,,
,,,
,,,
,,,
,,,
,,,
,,,
,,,
,,,
,,,
,,,
,,,
,,,
,,,
,,,
,,,
,,,
,,,
,,,
,,,
,,,
,,,
,,,
,,,
,,,
,,,
,,,
,,,
,,,
,,,
,,,
,,,
,,,
,,,
,,,
,,,
,,,
,,,
,,,
,,,
,,,
,,,
,,,
,,,
,,,
,,,
,,,
,,,
,,,
,,,
,,,
,,,
,,,
,,,
,,,
,,,
,,,
,,,
,,,
,,,
,,,
,,,
,,,
,,,
,,,
,,,
,,,
,,,
,,,
,,,
,,,
,,,
,,,
,,,
,,,
,,,
,,,
,,,
,,,
,,,
,,,
,,,
,,,
,,,
,,,
,,,
,,,
,,,
,,,
,,,
,,,
,,,
,,,
,,,
,,,
,,,
,,,
,,,
,,,
,,,
,,,
,,,
,,,
,,,
,,,
,,,
,,,
,,,
,,,
,,,
,,,
,,,
,,,
,,,
,,,
,,,
,,,
,,,
,,,
,,,
,,,
,,,
,,,
,,,
,,,
,,,
,,,
,,,
,,,
,,,
,,,
,,,
,,,
,,,
,,,
,,,
,,,
,,,
,,,
,,,
,,,
,,,
,,,
,,,
,,,
,,,
,,,
,,,
,,,
,,,
,,,
,,,
,,,
,,,
,,,
,,,
,,,
,,,
,,,
,,,
,,,
,,,
,,,
,,,
,,,
,,,
,,,
,,,
,,,
,,,
,,,
,,,
,,,
,,,
,,,
,,,
,,,
,,,
,,,
,,,
,,,
,,,
,,,
,,,
,,,
,,,
,,,
,,,
,,,
,,,
,,,
,,,
,,,
,,,
,,,
,,,
,,,
,,,
,,,
,,,
,,,
,,,
,,,
,,,
,,,
,,,
,,,
,,,
,,,
,,,
,,,
,,,
,,,
,,,
,,,
,,,
,,,
,,,
,,,
,,,
,,,
,,,
,,,
,,,
,,,
,,,
,,,
,,,
,,,
,,,
,,,
,,,
,,,
,,,
,,,
,,,
,,,
,,,
,,,
,,,
,,,
,,,
,,,
,,,
,,,
,,,
,,,
,,,
,,,
,,,
,,,
,,,
,,,
,,,
,,,
,,,
,,,
,,,
,,,
,,,
,,,
,,,
,,,
,,,
,,,
,,,
,,,
,,,
,,,
,,,
,,,
,,,
,,,
,,,
,,,
,,,
,,,
,,,
,,,
,,,
,,,
,,,
,,,
,,,
,,,
,,,
,,,
,,,
,,,
,,,
,,,
,,,
,,,
,,,
,,,
,,,
,,,
,,,
,,,
,,,
,,,
,,,
,,,
,,,
,,,
,,,
,,,
,,,
,,,
,,,
,,,
,,,
,,,
,,,
,,,
,,,
,,,
,,,
,,,
,,,
,,,
,,,
,,,
,,,
,,,
,,,
,,,
,,,
,,,
,,,
,,,
,,,
,,,
,,,
,,,
,,,
,,,
,,,
,,,
,,,
,,,
,,,
,,,
,,,
,,,
,,,
,,,
,,,
,,,
,,,
,,,
,,,
,,,
,,,
,,,
,,,
,,,
,,,
,,,
,,,
,,,
,,,
,,,
,,,
,,,
,,,
,,,
,,,
,,,
,,,
,,,
,,,
,,,
,,,
,,,
,,,
,,,
,,,
,,,
,,,
,,,
,,,
,,,
,,,
,,,
,,,
,,,
,,,
,,,
,,,
,,,
,,,
,,,
,,,
,,,
,,,
,,,
,,,
,,,
,,,
,,,
,,,
,,,
,,,
,,,
,,,
,,,
,,,
,,,
,,,
,,,
,,,
,,,
,,,
,,,
,,,
,,,
,,,
,,,
,,,
,,,
,,,
,,,
,,,
,,,
,,,
,,,
,,,
,,,
,,,
,,,
,,,
,,,
,,,
,,,
,,,
,,,
,,,
,,,
,,,
,,,
,,,
,,,
,,,
,,,
,,,
,,,
,,,
,,,
,,,
,,,
,,,
,,,
,,,
,,,
,,,
,,,
,,,
,,,
,,,
,,,
,,,
,,,
,,,
,,,
,,,
,,,
,,,
,,,
,,,
,,,
,,,
,,,
,,,
,,,
,,,
,,,
,,,
,,,
,,,
,,,
,,,
,,,
,,,
,,,
,,,
,,,
,,,
,,,
,,,
,,,
,,,
,,,
,,,
,,,
,,,
,,,
,,,
,,,
,,,
,,,
,,,
,,,
,,,
,,,
,,,
,,,
,,,
,,,
,,,
,,,
,,,
,,,
,,,
,,,
,,,
,,,
,,,
,,,
,,,
,,,
,,,
,,,
,,,
,,,
,,,
,,,
,,,
,,,
,,,
,,,
,,,
,,,
,,,
,,,
,,,
,,,
,,,
,,,
,,,
,,,
,,,
,,,
,,,
,,,
,,,
,,,
,,,
,,,
,,,
,,,
,,,
,,,
,,,
,,,
,,,
,,,
,,,
,,,
,,,
,,,
,,,
,,,
,,,
,,,
,,,
,,,
,,,
,,,
,,,
,,,
,,,
,,,
,,,
,,,
,,,
,,,
,,,
,,,
,,,
,,,
,,,
,,,
,,,
,,,
,,,
,,,
,,,
,,,
,,,
,,,
,,,
,,,
,,,
,,,
,,,
,,,
,,,
,,,
,,,
,,,
,,,
,,,
,,,
,,,
,,,
,,,
,,,
,,,
,,,
,,,
,,,
,,,
,,,
,,,
,,,
,,,
,,,
,,,
,,,
,,,
,,,
,,,
,,,
,,,
,,,
,,,
,,,
,,,
,,,
,,,
,,,
,,,
,,,
,,,
,,,
,,,
,,,
,,,
,,,
,,,
,,,
,,,
,,,
,,,
,,,
,,,
,,,
,,,
,,,
,,,
,,,
,,,
,,,
,,,
,,,
,,,
,,,
,,,
,,,
,,,
,,,
,,,
,,,
,,,
,,,
,,,
,,,
,,,
,,,
,,,
,,,
,,,
,,,
,,,
,,,
,,,
,,,
,,,
,,,
,,,
,,,
,,,
,,,
,,,
,,,
,,,
,,,
,,,
,,,
,,,
,,,
,,,
,,,
,,,
,,,
,,,
,,,
,,,
,,,
,,,
,,,
,,,
,,,
,,,
,,,
,,,
,,,
,,,
,,,
,,,
,,,
,,,
,,,
,,,
,,,
,,,
,,,
,,,
,,,
,,,
,,,
,,,
,,,
,,,
,,,
,,,
,,,
,,,
,,,
,,,
,,,
,,,
,,,
,,,
,,,
,,,
,,,
,,,
,,,
,,,
,,,
,,,
,,,
,,,
,,,
,,,
,,,
,,,
,,,
,,,
,,,
,,,
,,,
,,,
,,,
,,,
,,,
,,,
,,,
,,,
,,,
,,,
,,,
,,,
,,,
,,,
,,,
,,,
,,,
,,,
,,,
,,,
,,,
,,,
,,,
,,,
,,,
,,,
,,,
,,,
,,,
,,,
,,,
,,,
,,,
,,,
,,,
,,,
,,,
,,,
,,,
,,,
,,,
,,,
,,,
,,,
,,,
,,,
,,,
,,,
,,,
,,,
,,,
,,,
,,,
,,,
,,,
,,,
,,,
,,,
,,,
,,,
,,,
,,,
,,,
,,,
,,,
,,,
,,,
,,,
,,,
,,,
,,,
,,,
,,,
,,,
,,,
,,,
,,,
,,,
,,,
,,,
,,,
,,,
,,,
,,,
,,,
,,,
,,,
,,,
,,,
,,,
,,,
,,,
,,,
,,,
,,,
,,,
,,,
,,,
,,,
,,,
,,,
,,,
,,,
,,,
,,,
,,,
,,,
,,,
,,,
,,,
,,,
,,,
,,,
,,,
,,,
,,,
,,,
,,,
,,,
,,,
,,,
,,,
,,,
,,,
,,,
,,,
,,,
,,,
,,,
,,,
,,,
,,,
,,,
,,,
,,,
,,,
,,,
,,,
,,,
,,,
,,,
,,,
,,,
,,,
,,,
,,,
,,,
,,,
,,,
,,,
,,,
,,,
,,,
,,,
,,,
,,,
,,,
,,,
,,,
,,,
,,,
,,,
,,,
,,,
,,,
,,,
,,,
,,,
,,,
,,,
,,,
,,,
,,,
,,,
,,,
,,,
,,,
,,,
,,,
,,,
,,,
,,,
,,,
,,,
,,,
,,,
,,,
,,,
,,,
,,,
,,,
,,,
,,,
,,,
,,,
,,,
,,,
,,,
,,,
,,,
,,,
,,,
,,,
,,,
,,,
,,,
,,,
,,,
,,,
,,,
,,,
,,,
,,,
,,,
,,,
,,,
,,,
,,,
,,,
,,,
,,,
,,,
,,,
,,,
,,,
,,,
,,,
,,,
,,,
,,,
,,,
,,,
,,,
,,,
,,,
,,,
,,,
,,,
,,,
,,,
,,,
,,,
,,,
,,,
,,,
,,,
,,,
,,,
,,,
