Date,AirT_F,PrecipAcum_in,SnowDepth_in,SWE_in
4/1/2021 0:00,27,22.5,61,19.5
4/1/2021 1:00,26,22.5,61,19.5
4/1/2021 2:00,28,22.5,61,19.5
4/1/2021 3:00,26,22.5,61,19.5
4/1/2021 4:00,27,22.5,61,19.5
4/1/2021 5:00,27,22.5,61,19.5
4/1/2021 6:00,30,22.5,61,19.4
4/1/2021 7:00,32,22.5,61,19.4
4/1/2021 8:00,37,22.5,60,19.4
4/1/2021 9:00,40,22.5,59,19.3
4/1/2021 10:00,43,22.5,59,19.4
4/1/2021 11:00,44,22.6,59,19.4
4/1/2021 12:00,46,22.6,58,19.5
4/1/2021 13:00,47,22.6,58,19.5
4/1/2021 14:00,48,22.6,58,19.5
4/1/2021 15:00,47,22.5,58,19.5
4/1/2021 16:00,46,22.6,58,19.5
4/1/2021 17:00,40,22.6,59,19.5
4/1/2021 18:00,30,22.5,59,19.6
4/1/2021 19:00,27,22.5,60,19.7
4/1/2021 20:00,24,22.5,60,19.7
4/1/2021 21:00,25,22.5,60,19.7
4/1/2021 22:00,34,22.5,60,19.6
4/1/2021 23:00,36,22.5,59,19.5
4/2/2021 0:00,36,22.5,60,19.5
4/2/2021 1:00,37,22.5,59,19.5
4/2/2021 2:00,37,22.5,59,19.5
4/2/2021 3:00,36,22.5,59,19.4
4/2/2021 4:00,36,22.5,59,19.4
4/2/2021 5:00,36,22.5,59,19.4
4/2/2021 6:00,36,22.5,59,19.4
4/2/2021 7:00,37,22.5,59,19.3
4/2/2021 8:00,42,22.5,58,19.3
4/2/2021 9:00,45,22.5,58,19.3
4/2/2021 10:00,48,22.6,57,19.4
4/2/2021 11:00,49,22.6,57,19.4
4/2/2021 12:00,49,22.6,57,19.4
4/2/2021 13:00,50,22.6,56,19.4
4/2/2021 14:00,50,22.6,55,19.4
4/2/2021 15:00,49,22.6,56,19.3
4/2/2021 16:00,49,22.6,56,19.4
4/2/2021 17:00,43,22.5,57,19.3
4/2/2021 18:00,40,22.5,57,19.3
4/2/2021 19:00,36,22.5,57,19.4
4/2/2021 20:00,33,22.5,57,19.4
4/2/2021 21:00,31,22.5,57,19.4
4/2/2021 22:00,36,22.5,57,19.4
4/2/2021 23:00,36,22.5,58,19.4
4/3/2021 0:00,35,22.5,56,19.4
4/3/2021 1:00,37,22.5,56,19.4
4/3/2021 2:00,36,22.5,56,19.4
4/3/2021 3:00,34,22.5,57,19.4
4/3/2021 4:00,36,22.5,57,19.4
4/3/2021 5:00,38,22.5,57,19.3
4/3/2021 6:00,42,22.5,57,19.3
4/3/2021 7:00,42,22.5,57,19.3
4/3/2021 8:00,47,22.5,56,19.3
4/3/2021 9:00,51,22.5,55,19.4
4/3/2021 10:00,54,22.5,54,19.3
4/3/2021 11:00,53,22.6,54,19.4
4/3/2021 12:00,52,22.6,54,19.4
4/3/2021 13:00,55,22.6,53,19.4
4/3/2021 14:00,55,22.6,52,19.3
4/3/2021 15:00,52,22.6,53,19.3
4/3/2021 16:00,53,22.5,52,19.3
4/3/2021 17:00,40,22.5,53,19.3
4/3/2021 18:00,35,22.5,54,19.3
4/3/2021 19:00,32,22.5,54,19.3
4/3/2021 20:00,30,22.5,55,19.4
4/3/2021 21:00,29,22.5,55,19.4
4/3/2021 22:00,29,22.5,55,19.4
4/3/2021 23:00,28,22.5,55,19.4
4/4/2021 0:00,27,22.5,55,19.4
4/4/2021 1:00,28,22.5,55,19.4
4/4/2021 2:00,28,22.5,55,19.4
4/4/2021 3:00,28,22.5,55,19.4
4/4/2021 4:00,29,22.5,55,19.4
4/4/2021 5:00,27,22.4,55,19.3
4/4/2021 6:00,32,22.4,54,19.3
4/4/2021 7:00,45,22.5,54,19.2
4/4/2021 8:00,48,22.5,53,19.2
4/4/2021 9:00,50,22.5,53,19.2
4/4/2021 10:00,50,22.5,53,19.3
4/4/2021 11:00,51,22.5,53,19.4
4/4/2021 12:00,55,22.5,52,19.3
4/4/2021 13:00,52,22.5,52,19.3
4/4/2021 14:00,50,22.5,52,19.3
4/4/2021 15:00,48,22.5,53,19.2
4/4/2021 16:00,46,22.5,52,19.2
4/4/2021 17:00,43,22.5,53,19.2
4/4/2021 18:00,38,22.5,53,19.2
4/4/2021 19:00,40,22.5,53,19.2
4/4/2021 20:00,43,22.5,53,19.2
4/4/2021 21:00,42,22.5,53,19.2
4/4/2021 22:00,43,22.5,54,19.2
4/4/2021 23:00,42,22.5,54,19.2
4/5/2021 0:00,39,22.5,53,19.2
4/5/2021 1:00,42,22.5,54,19.2
4/5/2021 2:00,42,22.5,53,19.2
4/5/2021 3:00,42,22.5,53,19.2
4/5/2021 4:00,41,22.5,54,19.2
4/5/2021 5:00,43,22.5,53,19.2
4/5/2021 6:00,43,22.5,54,19.1
4/5/2021 7:00,46,22.5,53,19.1
4/5/2021 8:00,49,22.5,53,19.1
4/5/2021 9:00,51,22.5,52,19.2
4/5/2021 10:00,52,22.5,51,19.2
4/5/2021 11:00,54,22.5,50,19.1
4/5/2021 12:00,54,22.6,50,19.1
4/5/2021 13:00,54,22.5,50,19
4/5/2021 14:00,51,22.5,51,19
4/5/2021 15:00,53,22.5,50,18.9
4/5/2021 16:00,50,22.5,50,18.9
4/5/2021 17:00,47,22.5,51,18.9
4/5/2021 18:00,38,22.5,51,18.9
4/5/2021 19:00,33,22.5,52,18.9
4/5/2021 20:00,36,22.4,52,18.8
4/5/2021 21:00,42,22.5,52,18.9
4/5/2021 22:00,33,22.5,51,18.9
4/5/2021 23:00,31,22.4,51,18.8
4/6/2021 0:00,29,22.5,52,18.8
4/6/2021 1:00,41,22.4,51,18.6
4/6/2021 2:00,38,22.5,52,18.7
4/6/2021 3:00,36,22.5,52,18.7
4/6/2021 4:00,35,22.5,51,18.6
4/6/2021 5:00,34,22.5,51,18.7
4/6/2021 6:00,36,22.5,51,18.6
4/6/2021 7:00,37,22.5,51,18.6
4/6/2021 8:00,40,22.5,51,18.6
4/6/2021 9:00,42,22.5,50,18.6
4/6/2021 10:00,35,22.5,51,18.5
4/6/2021 11:00,31,22.5,50,18.5
4/6/2021 12:00,32,22.5,51,18.5
4/6/2021 13:00,28,22.5,51,18.4
4/6/2021 14:00,21,22.5,52,18.4
4/6/2021 15:00,26,22.5,51,18.4
4/6/2021 16:00,25,22.5,51,18.3
4/6/2021 17:00,24,22.5,51,18.3
4/6/2021 18:00,23,22.5,51,18.3
4/6/2021 19:00,22,22.5,51,18.2
4/6/2021 20:00,22,22.5,51,18.3
4/6/2021 21:00,21,22.5,52,18.3
4/6/2021 22:00,21,22.5,52,18.3
4/6/2021 23:00,21,22.5,52,18.3
4/7/2021 0:00,22,22.5,52,18.3
4/7/2021 1:00,22,22.5,NA,18.4
4/7/2021 2:00,23,22.6,NA,18.4
4/7/2021 3:00,23,22.7,NA,18.5
4/7/2021 4:00,24,22.8,53,18.5
4/7/2021 5:00,24,22.9,54,18.7
4/7/2021 6:00,24,23.1,56,18.7
4/7/2021 7:00,24,23.2,56,18.9
4/7/2021 8:00,25,23.2,NA,19
4/7/2021 9:00,29,23.2,NA,19
4/7/2021 10:00,32,23.3,56,19.1
4/7/2021 11:00,30,23.3,57,19.1
4/7/2021 12:00,32,23.4,57,19.1
4/7/2021 13:00,32,23.3,56,19.1
4/7/2021 14:00,32,23.3,57,19.2
4/7/2021 15:00,33,23.3,56,19.2
4/7/2021 16:00,35,23.3,56,19.2
4/7/2021 17:00,32,23.3,57,19.2
4/7/2021 18:00,31,23.3,57,19.2
4/7/2021 19:00,31,23.3,57,19.1
4/7/2021 20:00,31,23.3,57,19.1
4/7/2021 21:00,32,23.3,57,19.1
4/7/2021 22:00,31,23.3,57,19.2
4/7/2021 23:00,30,23.3,57,19.2
4/8/2021 0:00,30,23.3,57,19.2
4/8/2021 1:00,30,23.3,57,19.2
4/8/2021 2:00,28,23.3,57,19.2
4/8/2021 3:00,29,23.3,56,19.2
4/8/2021 4:00,29,23.2,57,19.2
4/8/2021 5:00,28,23.2,57,19.2
4/8/2021 6:00,30,23.3,57,19.2
4/8/2021 7:00,33,23.3,56,19.2
4/8/2021 8:00,37,23.3,56,19.2
4/8/2021 9:00,39,23.3,55,19.2
4/8/2021 10:00,42,23.4,55,19.2
4/8/2021 11:00,43,23.4,54,19.2
4/8/2021 12:00,46,23.4,54,19.2
4/8/2021 13:00,43,23.4,53,19.2
4/8/2021 14:00,43,23.4,53,19.2
4/8/2021 15:00,42,23.4,53,19.2
4/8/2021 16:00,41,23.3,53,19.2
4/8/2021 17:00,38,23.3,53,19.1
4/8/2021 18:00,37,23.4,54,19.2
4/8/2021 19:00,38,23.3,53,19.1
4/8/2021 20:00,36,23.3,54,19.1
4/8/2021 21:00,33,23.3,53,19.1
4/8/2021 22:00,31,23.3,54,19.1
4/8/2021 23:00,30,23.3,54,19.1
4/9/2021 0:00,30,23.3,54,19.1
4/9/2021 1:00,28,23.3,54,19.1
4/9/2021 2:00,22,23.3,54,19.1
4/9/2021 3:00,21,23.3,54,19
4/9/2021 4:00,19,23.3,54,19
4/9/2021 5:00,18,23.3,54,19
4/9/2021 6:00,17,23.3,54,19
4/9/2021 7:00,18,23.4,56,19
4/9/2021 8:00,19,23.4,NA,19.1
4/9/2021 9:00,24,23.5,59,19.1
4/9/2021 10:00,25,23.5,58,19.2
4/9/2021 11:00,25,23.6,59,19.3
4/9/2021 12:00,25,23.6,59,19.2
4/9/2021 13:00,30,23.6,58,19.3
4/9/2021 14:00,31,23.6,58,19.2
4/9/2021 15:00,31,23.6,57,19.3
4/9/2021 16:00,31,23.6,58,19.3
4/9/2021 17:00,28,23.6,58,19.3
4/9/2021 18:00,27,23.6,58,19.2
4/9/2021 19:00,27,23.5,58,19.3
4/9/2021 20:00,28,23.5,58,19.2
4/9/2021 21:00,28,23.5,58,19.3
4/9/2021 22:00,28,23.5,58,19.2
4/9/2021 23:00,29,23.5,58,19.3
4/10/2021 0:00,28,23.5,58,19.3
4/10/2021 1:00,28,23.5,58,19.3
4/10/2021 2:00,27,23.5,58,19.3
4/10/2021 3:00,27,23.5,58,19.3
4/10/2021 4:00,26,23.5,58,19.3
4/10/2021 5:00,26,23.5,58,19.2
4/10/2021 6:00,27,23.5,57,19.2
4/10/2021 7:00,29,23.5,57,19.3
4/10/2021 8:00,35,23.5,57,19.3
4/10/2021 9:00,38,23.6,56,19.3
4/10/2021 10:00,40,23.7,55,19.4
4/10/2021 11:00,42,23.6,54,19.4
4/10/2021 12:00,44,23.7,53,19.4
4/10/2021 13:00,46,23.6,53,19.4
4/10/2021 14:00,46,23.7,52,19.4
4/10/2021 15:00,43,23.6,53,19.4
4/10/2021 16:00,43,23.6,53,19.4
4/10/2021 17:00,39,23.6,53,19.4
4/10/2021 18:00,38,23.6,54,19.3
4/10/2021 19:00,38,23.6,54,19.3
4/10/2021 20:00,37,23.5,54,19.4
4/10/2021 21:00,36,23.5,53,19.4
4/10/2021 22:00,36,23.5,54,19.3
4/10/2021 23:00,32,23.6,54,19.3
4/11/2021 0:00,32,23.5,53,19.3
4/11/2021 1:00,33,23.6,54,19.3
4/11/2021 2:00,32,23.5,54,19.3
4/11/2021 3:00,32,23.5,53,19.3
4/11/2021 4:00,32,23.6,54,19.3
4/11/2021 5:00,32,23.5,53,19.3
4/11/2021 6:00,34,23.5,53,19.2
4/11/2021 7:00,34,23.6,53,19.3
4/11/2021 8:00,37,23.6,53,19.2
4/11/2021 9:00,36,23.6,53,19.2
4/11/2021 10:00,40,23.6,52,19.3
4/11/2021 11:00,44,23.6,52,19.2
4/11/2021 12:00,42,23.6,52,19.3
4/11/2021 13:00,44,23.6,51,19.3
4/11/2021 14:00,45,23.6,51,19.3
4/11/2021 15:00,42,23.6,51,19.3
4/11/2021 16:00,44,23.6,51,19.2
4/11/2021 17:00,35,23.6,51,19.2
4/11/2021 18:00,28,23.5,52,19.2
4/11/2021 19:00,27,23.5,53,19.1
4/11/2021 20:00,27,23.5,52,19.2
4/11/2021 21:00,24,23.5,52,19.2
4/11/2021 22:00,21,23.5,52,19.2
4/11/2021 23:00,17,23.5,52,19.2
4/12/2021 0:00,28,23.5,53,19.2
4/12/2021 1:00,28,23.5,52,19.2
4/12/2021 2:00,27,23.5,52,19.3
4/12/2021 3:00,25,23.5,53,19.2
4/12/2021 4:00,23,23.5,53,19.2
4/12/2021 5:00,22,23.5,53,19.2
4/12/2021 6:00,26,23.5,53,19.2
4/12/2021 7:00,28,23.5,52,19.2
4/12/2021 8:00,31,23.5,52,19.2
4/12/2021 9:00,34,23.5,51,19
4/12/2021 10:00,33,23.6,50,19.2
4/12/2021 11:00,38,23.6,50,19.2
4/12/2021 12:00,40,23.6,50,19.2
4/12/2021 13:00,40,23.6,50,19.2
4/12/2021 14:00,38,23.6,49,19.2
4/12/2021 15:00,32,23.6,50,19.1
4/12/2021 16:00,28,23.5,50,19.1
4/12/2021 17:00,22,23.5,51,19
4/12/2021 18:00,21,23.5,52,19
4/12/2021 19:00,21,23.5,52,19
4/12/2021 20:00,21,23.5,52,19
4/12/2021 21:00,20,23.5,52,19
4/12/2021 22:00,19,23.5,52,19.1
4/12/2021 23:00,19,23.5,52,19.1
4/13/2021 0:00,19,23.5,52,19.1
4/13/2021 1:00,19,23.5,52,19.1
4/13/2021 2:00,18,23.5,52,19.1
4/13/2021 3:00,17,23.5,52,19.1
4/13/2021 4:00,16,23.5,52,19.2
4/13/2021 5:00,15,23.5,52,19.1
4/13/2021 6:00,18,23.5,52,19.1
4/13/2021 7:00,18,23.5,51,19.1
4/13/2021 8:00,28,23.5,51,19.2
4/13/2021 9:00,30,23.5,51,19.1
4/13/2021 10:00,33,23.6,50,19.2
4/13/2021 11:00,33,23.6,51,19.2
4/13/2021 12:00,28,23.6,51,19.1
4/13/2021 13:00,28,23.6,51,19.2
4/13/2021 14:00,28,23.6,50,19.2
4/13/2021 15:00,28,23.7,52,19.2
4/13/2021 16:00,26,23.7,52,19.2
4/13/2021 17:00,24,23.7,54,19.2
4/13/2021 18:00,21,23.7,54,19.2
4/13/2021 19:00,20,23.7,54,19.2
4/13/2021 20:00,20,23.7,NA,19.2
4/13/2021 21:00,20,23.7,53,19.2
4/13/2021 22:00,20,23.7,53,19.2
4/13/2021 23:00,20,23.7,54,19.2
4/14/2021 0:00,19,23.7,54,19.3
4/14/2021 1:00,19,23.7,53,19.3
4/14/2021 2:00,18,23.7,NA,19.3
4/14/2021 3:00,18,23.8,53,19.3
4/14/2021 4:00,15,23.8,53,19.3
4/14/2021 5:00,13,23.8,53,19.3
4/14/2021 6:00,17,23.8,53,19.3
4/14/2021 7:00,19,23.8,52,19.3
4/14/2021 8:00,28,23.8,52,19.4
4/14/2021 9:00,34,23.8,NA,19.4
4/14/2021 10:00,33,23.9,51,19.4
4/14/2021 11:00,40,23.9,51,19.4
4/14/2021 12:00,38,23.9,52,19.5
4/14/2021 13:00,41,23.9,51,19.5
4/14/2021 14:00,29,23.9,52,19.5
4/14/2021 15:00,24,23.9,52,19.5
4/14/2021 16:00,22,23.8,52,19.4
4/14/2021 17:00,21,23.8,52,19.4
4/14/2021 18:00,21,23.8,51,19.3
4/14/2021 19:00,22,23.8,NA,19.3
4/14/2021 20:00,22,23.8,NA,19.4
4/14/2021 21:00,21,23.8,NA,19.4
4/14/2021 22:00,19,23.8,NA,19.4
4/14/2021 23:00,18,23.8,NA,19.4
4/15/2021 0:00,16,24.1,50,19.5
4/15/2021 1:00,17,23.8,NA,19.5
4/15/2021 2:00,18,23.8,51,19.4
4/15/2021 3:00,20,23.8,NA,19.4
4/15/2021 4:00,22,23.8,NA,19.5
4/15/2021 5:00,27,23.8,NA,19.4
4/15/2021 6:00,23,23.9,NA,19.5
4/15/2021 7:00,25,23.8,NA,19.5
4/15/2021 8:00,30,23.9,NA,19.5
4/15/2021 9:00,28,23.9,NA,19.6
4/15/2021 10:00,26,24,52,19.6
4/15/2021 11:00,29,24,NA,19.6
4/15/2021 12:00,28,24,NA,19.7
4/15/2021 13:00,25,24,NA,19.7
4/15/2021 14:00,25,24.2,NA,19.7
4/15/2021 15:00,27,24.2,56,19.8
4/15/2021 16:00,24,24.2,NA,19.8
4/15/2021 17:00,23,24.2,NA,19.8
4/15/2021 18:00,20,24.2,57,19.8
4/15/2021 19:00,19,24.3,NA,19.8
4/15/2021 20:00,18,24.3,NA,19.8
4/15/2021 21:00,17,24.2,NA,19.8
4/15/2021 22:00,17,24.2,NA,19.8
4/15/2021 23:00,16,24.3,57,19.8
4/16/2021 0:00,15,24.3,52,19.8
4/16/2021 1:00,15,24.3,NA,19.9
4/16/2021 2:00,14,24.3,NA,19.8
4/16/2021 3:00,14,24.3,NA,19.8
4/16/2021 4:00,13,24.3,NA,19.9
4/16/2021 5:00,13,24.3,NA,19.9
4/16/2021 6:00,15,24.3,NA,19.9
4/16/2021 7:00,18,24.4,59,19.9
4/16/2021 8:00,26,24.4,58,19.9
4/16/2021 9:00,26,24.4,57,20
4/16/2021 10:00,25,24.4,57,20
4/16/2021 11:00,28,24.4,57,20
4/16/2021 12:00,25,24.5,57,20
4/16/2021 13:00,25,24.5,57,20
4/16/2021 14:00,25,24.4,57,20
4/16/2021 15:00,23,24.5,57,20
4/16/2021 16:00,21,24.4,56,19.9
4/16/2021 17:00,19,24.4,NA,19.9
4/16/2021 18:00,17,24.4,NA,19.9
4/16/2021 19:00,17,24.4,NA,19.9
4/16/2021 20:00,16,24.4,NA,19.9
4/16/2021 21:00,16,24.4,NA,19.9
4/16/2021 22:00,16,24.4,NA,19.9
4/16/2021 23:00,15,24.4,NA,19.9
4/17/2021 0:00,15,24.4,55,20
4/17/2021 1:00,15,24.4,56,20
4/17/2021 2:00,14,24.4,NA,19.9
4/17/2021 3:00,14,24.4,NA,19.9
4/17/2021 4:00,14,24.4,NA,19.9
4/17/2021 5:00,14,24.4,NA,19.9
4/17/2021 6:00,16,24.4,NA,19.9
4/17/2021 7:00,18,24.4,56,19.9
4/17/2021 8:00,27,24.4,55,20
4/17/2021 9:00,26,24.4,55,20
4/17/2021 10:00,31,24.4,53,20
4/17/2021 11:00,30,24.5,53,20
4/17/2021 12:00,33,24.5,53,20
4/17/2021 13:00,32,24.5,52,20
4/17/2021 14:00,31,24.5,52,20
4/17/2021 15:00,31,24.5,52,20
4/17/2021 16:00,32,24.5,52,20
4/17/2021 17:00,21,24.4,53,20
4/17/2021 18:00,16,24.4,54,19.9
4/17/2021 19:00,11,24.4,54,19.9
4/17/2021 20:00,9,24.3,54,19.9
4/17/2021 21:00,7,24.3,54,20
4/17/2021 22:00,5,24.3,54,20
4/17/2021 23:00,7,24.3,53,20
4/18/2021 0:00,8,24.4,53,20
4/18/2021 1:00,8,24.3,54,20
4/18/2021 2:00,6,24.3,53,20
4/18/2021 3:00,7,24.3,54,20
4/18/2021 4:00,8,24.3,52,20
4/18/2021 5:00,11,24.3,53,19.9
4/18/2021 6:00,20,24.3,53,19.9
4/18/2021 7:00,25,24.4,53,19.8
4/18/2021 8:00,26,24.4,53,19.9
4/18/2021 9:00,27,24.4,53,19.9
4/18/2021 10:00,29,24.4,53,20
4/18/2021 11:00,33,24.4,53,20
4/18/2021 12:00,35,24.5,52,20
4/18/2021 13:00,34,24.5,52,20
4/18/2021 14:00,35,24.5,52,20
4/18/2021 15:00,35,24.5,52,20
4/18/2021 16:00,30,24.5,53,20
4/18/2021 17:00,29,24.5,53,20
4/18/2021 18:00,28,24.5,54,20.1
4/18/2021 19:00,28,24.4,54,20.1
4/18/2021 20:00,29,24.4,54,20
4/18/2021 21:00,29,24.4,54,20
4/18/2021 22:00,29,24.4,54,20.1
4/18/2021 23:00,31,24.4,54,20
4/19/2021 0:00,30,24.5,54,20.1
4/19/2021 1:00,29,24.4,53,20.1
4/19/2021 2:00,29,24.4,54,20.1
4/19/2021 3:00,28,24.4,54,20.1
4/19/2021 4:00,29,24.4,54,20.1
4/19/2021 5:00,29,24.4,54,20.1
4/19/2021 6:00,31,24.4,54,20.1
4/19/2021 7:00,33,24.4,53,20.1
4/19/2021 8:00,34,24.4,53,20.1
4/19/2021 9:00,34,24.5,53,20.1
4/19/2021 10:00,35,24.4,53,20.1
4/19/2021 11:00,35,24.5,53,20.2
4/19/2021 12:00,36,24.5,53,20.2
4/19/2021 13:00,33,24.5,53,20.2
4/19/2021 14:00,30,24.5,54,20.2
4/19/2021 15:00,19,24.5,54,20.1
4/19/2021 16:00,15,24.6,56,20
4/19/2021 17:00,13,24.7,NA,20.2
4/19/2021 18:00,12,24.8,NA,20.3
4/19/2021 19:00,11,24.8,NA,20.3
4/19/2021 20:00,8,24.9,61,20.3
4/19/2021 21:00,7,24.9,61,20.3
4/19/2021 22:00,6,24.9,NA,20.3
4/19/2021 23:00,6,24.9,NA,20.4
4/20/2021 0:00,6,24.9,60,20.4
4/20/2021 1:00,5,24.9,61,20.5
4/20/2021 2:00,3,24.9,61,20.4
4/20/2021 3:00,5,24.9,61,20.4
4/20/2021 4:00,1,24.9,61,20.5
4/20/2021 5:00,-2,24.9,61,20.4
4/20/2021 6:00,5,24.9,61,20.4
4/20/2021 7:00,11,24.9,61,20.4
4/20/2021 8:00,16,24.9,60,20.5
4/20/2021 9:00,20,24.9,59,20.5
4/20/2021 10:00,23,25,58,20.6
4/20/2021 11:00,22,25.1,58,20.7
4/20/2021 12:00,25,25.1,58,20.7
4/20/2021 13:00,28,25.1,57,20.7
4/20/2021 14:00,26,25.1,57,20.7
4/20/2021 15:00,28,25,58,20.7
4/20/2021 16:00,26,25,58,20.7
4/20/2021 17:00,20,25,59,20.7
4/20/2021 18:00,13,25,59,20.6
4/20/2021 19:00,8,24.9,59,20.5
4/20/2021 20:00,11,24.9,59,20.5
4/20/2021 21:00,11,24.9,59,20.5
4/20/2021 22:00,10,24.9,59,20.6
4/20/2021 23:00,8,24.9,59,20.6
4/21/2021 0:00,6,25.1,59,20.6
4/21/2021 1:00,0,24.9,59,20.6
4/21/2021 2:00,5,24.9,59,20.6
4/21/2021 3:00,5,24.9,59,20.5
4/21/2021 4:00,8,24.9,59,20.6
4/21/2021 5:00,12,24.9,58,20.5
4/21/2021 6:00,22,24.9,59,20.6
4/21/2021 7:00,28,24.9,58,20.6
4/21/2021 8:00,29,25,58,20.7
4/21/2021 9:00,29,25,58,20.7
4/21/2021 10:00,30,25,58,20.8
4/21/2021 11:00,30,25.1,58,20.8
4/21/2021 12:00,28,25.1,58,20.9
4/21/2021 13:00,28,25.1,59,20.9
4/21/2021 14:00,30,25.2,59,21
4/21/2021 15:00,27,25.2,59,21
4/21/2021 16:00,27,25.2,58,21
4/21/2021 17:00,25,25.2,61,21.1
4/21/2021 18:00,22,25.2,61,21
4/21/2021 19:00,19,25.2,61,21
4/21/2021 20:00,17,25.2,61,21
4/21/2021 21:00,17,25.2,61,21
4/21/2021 22:00,19,25.2,61,21
4/21/2021 23:00,27,25.1,61,21.1
4/22/2021 0:00,27,25.3,61,21.1
4/22/2021 1:00,27,25.2,61,21.1
4/22/2021 2:00,27,25.3,62,21.3
4/22/2021 3:00,27,25.5,63,21.3
4/22/2021 4:00,28,25.5,63,21.4
4/22/2021 5:00,28,25.5,63,21.4
4/22/2021 6:00,30,25.6,63,21.4
4/22/2021 7:00,29,25.6,63,21.4
4/22/2021 8:00,31,25.6,63,21.4
4/22/2021 9:00,31,25.6,63,21.4
4/22/2021 10:00,30,25.6,63,21.5
4/22/2021 11:00,34,25.6,62,21.5
4/22/2021 12:00,34,25.7,62,21.4
4/22/2021 13:00,34,25.7,62,21.5
4/22/2021 14:00,34,25.7,62,21.5
4/22/2021 15:00,30,25.6,61,21.4
4/22/2021 16:00,31,25.6,61,21.4
4/22/2021 17:00,31,25.6,61,21.4
4/22/2021 18:00,28,25.7,61,21.4
4/22/2021 19:00,25,25.6,62,21.3
4/22/2021 20:00,20,25.6,62,21.3
4/22/2021 21:00,17,25.6,62,21.3
4/22/2021 22:00,15,25.6,62,21.3
4/22/2021 23:00,14,25.6,62,21.4
4/23/2021 0:00,13,25.6,62,21.4
4/23/2021 1:00,16,25.5,62,21.4
4/23/2021 2:00,17,25.6,61,21.4
4/23/2021 3:00,14,25.5,NA,21.4
4/23/2021 4:00,13,25.5,NA,21.3
4/23/2021 5:00,14,25.5,62,21.3
4/23/2021 6:00,20,25.5,NA,21.3
4/23/2021 7:00,31,25.6,62,21.3
4/23/2021 8:00,38,25.6,61,21.4
4/23/2021 9:00,34,25.6,61,21.4
4/23/2021 10:00,34,25.6,60,21.4
4/23/2021 11:00,35,25.6,61,21.5
4/23/2021 12:00,34,25.6,61,21.5
4/23/2021 13:00,35,25.7,61,21.5
4/23/2021 14:00,31,25.7,61,21.5
4/23/2021 15:00,39,25.7,59,21.5
4/23/2021 16:00,31,25.7,NA,21.4
4/23/2021 17:00,29,25.8,62,21.6
4/23/2021 18:00,28,25.8,62,21.6
4/23/2021 19:00,29,25.7,62,21.5
4/23/2021 20:00,28,25.7,62,21.5
4/23/2021 21:00,29,25.7,63,21.5
4/23/2021 22:00,30,25.7,62,21.5
4/23/2021 23:00,29,25.7,62,21.6
4/24/2021 0:00,29,25.7,62,21.7
4/24/2021 1:00,29,25.7,62,21.6
4/24/2021 2:00,28,25.7,62,21.7
4/24/2021 3:00,27,25.7,63,21.7
4/24/2021 4:00,25,25.7,63,21.7
4/24/2021 5:00,28,25.7,63,21.6
4/24/2021 6:00,30,25.7,61,21.7
4/24/2021 7:00,33,25.7,62,21.7
4/24/2021 8:00,39,25.7,62,21.7
4/24/2021 9:00,41,25.8,60,21.8
4/24/2021 10:00,40,25.8,61,21.8
4/24/2021 11:00,43,25.8,60,21.9
4/24/2021 12:00,41,25.8,61,21.8
4/24/2021 13:00,44,25.8,60,21.9
4/24/2021 14:00,43,25.8,61,21.9
4/24/2021 15:00,44,25.8,60,21.9
4/24/2021 16:00,45,25.8,60,21.9
4/24/2021 17:00,42,25.8,61,21.9
4/24/2021 18:00,41,25.8,61,21.9
4/24/2021 19:00,40,25.8,61,21.8
4/24/2021 20:00,39,25.8,61,21.7
4/24/2021 21:00,39,25.7,61,21.9
4/24/2021 22:00,38,25.8,61,21.9
4/24/2021 23:00,38,25.7,61,21.8
4/25/2021 0:00,37,25.7,61,21.7
4/25/2021 1:00,37,25.8,61,21.9
4/25/2021 2:00,37,25.7,61,21.9
4/25/2021 3:00,38,25.7,61,21.9
4/25/2021 4:00,38,25.7,61,21.9
4/25/2021 5:00,38,25.8,61,21.9
4/25/2021 6:00,39,25.8,61,21.9
4/25/2021 7:00,42,25.7,60,21.9
4/25/2021 8:00,45,25.8,60,21.9
4/25/2021 9:00,46,25.8,59,21.9
4/25/2021 10:00,51,25.8,58,22
4/25/2021 11:00,52,25.8,58,22.1
4/25/2021 12:00,50,25.8,57,22
4/25/2021 13:00,51,25.8,57,22
4/25/2021 14:00,52,25.8,56,22
4/25/2021 15:00,50,25.8,56,22
4/25/2021 16:00,50,25.8,56,22
4/25/2021 17:00,48,25.8,56,22
4/25/2021 18:00,46,25.8,57,22
4/25/2021 19:00,45,25.8,56,21.9
4/25/2021 20:00,45,25.8,57,22
4/25/2021 21:00,44,25.7,57,22
4/25/2021 22:00,44,25.8,57,22.1
4/25/2021 23:00,44,25.8,57,22.1
4/26/2021 0:00,43,25.7,57,21.7
4/26/2021 1:00,41,25.7,57,22.1
4/26/2021 2:00,42,25.7,57,22
4/26/2021 3:00,41,25.7,57,22
4/26/2021 4:00,40,25.7,57,22
4/26/2021 5:00,40,25.7,57,21.9
4/26/2021 6:00,40,25.7,57,21.9
4/26/2021 7:00,42,25.7,57,21.9
4/26/2021 8:00,46,25.7,56,21.9
4/26/2021 9:00,44,25.7,56,21.9
4/26/2021 10:00,45,25.8,56,21.9
4/26/2021 11:00,47,25.8,56,22
4/26/2021 12:00,46,25.8,56,21.8
4/26/2021 13:00,47,25.8,55,22
4/26/2021 14:00,46,25.8,55,21.9
4/26/2021 15:00,46,25.8,55,21.9
4/26/2021 16:00,45,25.7,55,21.8
4/26/2021 17:00,43,25.7,56,21.8
4/26/2021 18:00,41,25.7,56,21.8
4/26/2021 19:00,39,25.7,56,21.8
4/26/2021 20:00,38,25.7,56,21.7
4/26/2021 21:00,34,25.7,56,21.8
4/26/2021 22:00,36,25.7,56,21.8
4/26/2021 23:00,37,25.7,56,21.8
4/27/2021 0:00,35,25.8,56,21.8
4/27/2021 1:00,33,25.7,56,21.8
4/27/2021 2:00,32,25.7,56,21.8
4/27/2021 3:00,28,25.7,56,21.8
4/27/2021 4:00,28,25.7,56,21.8
4/27/2021 5:00,28,25.7,56,21.8
4/27/2021 6:00,35,25.7,56,21.7
4/27/2021 7:00,38,25.7,56,21.7
4/27/2021 8:00,40,25.7,55,21.7
4/27/2021 9:00,39,25.7,55,21.8
4/27/2021 10:00,44,25.8,55,21.8
4/27/2021 11:00,40,25.8,55,21.8
4/27/2021 12:00,36,25.8,55,21.8
4/27/2021 13:00,35,25.8,55,21.8
4/27/2021 14:00,32,25.8,55,21.8
4/27/2021 15:00,33,25.8,NA,21.8
4/27/2021 16:00,31,25.9,NA,21.9
4/27/2021 17:00,30,26.1,NA,22
4/27/2021 18:00,30,26.2,59,22.1
4/27/2021 19:00,30,26.3,NA,22.1
4/27/2021 20:00,29,26.4,63,22.3
4/27/2021 21:00,29,26.5,63,22.4
4/27/2021 22:00,29,26.6,63,22.5
4/27/2021 23:00,29,26.7,64,22.6
4/28/2021 0:00,28,26.9,65,23
4/28/2021 1:00,28,26.7,NA,22.8
4/28/2021 2:00,28,26.8,65,22.8
4/28/2021 3:00,28,26.8,65,22.9
4/28/2021 4:00,28,26.8,NA,22.9
4/28/2021 5:00,29,26.9,66,22.9
4/28/2021 6:00,30,26.9,65,22.9
4/28/2021 7:00,32,26.9,65,22.9
4/28/2021 8:00,37,26.9,64,23
4/28/2021 9:00,40,26.9,63,23
4/28/2021 10:00,40,26.9,62,23
4/28/2021 11:00,45,27,61,23.1
4/28/2021 12:00,38,27,60,23
4/28/2021 13:00,45,27,59,23.1
4/28/2021 14:00,44,27,58,23.1
4/28/2021 15:00,46,27,59,23
4/28/2021 16:00,43,26.9,59,23
4/28/2021 17:00,36,27,59,23
4/28/2021 18:00,35,26.9,58,23
4/28/2021 19:00,31,26.9,59,23
4/28/2021 20:00,29,26.9,59,22.9
4/28/2021 21:00,27,26.9,59,22.9
4/28/2021 22:00,25,26.9,59,23
4/28/2021 23:00,23,26.9,59,22.9
4/29/2021 0:00,22,26.9,59,23
4/29/2021 1:00,21,26.8,59,22.9
4/29/2021 2:00,20,26.8,59,22.9
4/29/2021 3:00,20,26.8,58,22.9
4/29/2021 4:00,20,26.8,58,22.8
4/29/2021 5:00,21,26.8,57,22.8
4/29/2021 6:00,27,26.8,57,22.8
4/29/2021 7:00,33,26.9,NA,22.8
4/29/2021 8:00,47,26.9,NA,22.9
4/29/2021 9:00,49,26.9,57,22.9
4/29/2021 10:00,51,27,56,23
4/29/2021 11:00,51,27,56,23
4/29/2021 12:00,54,27,56,23
4/29/2021 13:00,54,27,55,23
4/29/2021 14:00,54,27,55,23
4/29/2021 15:00,53,26.9,55,23
4/29/2021 16:00,53,27,54,23
4/29/2021 17:00,47,26.9,56,23
4/29/2021 18:00,45,26.9,56,22.9
4/29/2021 19:00,36,26.9,57,22.9
4/29/2021 20:00,33,26.9,57,22.9
4/29/2021 21:00,32,26.9,57,22.9
4/29/2021 22:00,31,26.9,57,23
4/29/2021 23:00,31,26.9,57,23
4/30/2021 0:00,31,26.9,57,23
4/30/2021 1:00,30,26.8,57,23.1
4/30/2021 2:00,29,26.8,57,23.1
4/30/2021 3:00,28,26.8,57,23.1
4/30/2021 4:00,28,26.8,56,23
4/30/2021 5:00,30,26.8,56,23
4/30/2021 6:00,39,26.9,56,22.9
4/30/2021 7:00,47,26.9,56,22.9
4/30/2021 8:00,52,26.9,55,22.9
4/30/2021 9:00,53,26.9,54,22.8
4/30/2021 10:00,56,27,54,22.9
4/30/2021 11:00,57,27,54,23
4/30/2021 12:00,59,27,53,23
4/30/2021 13:00,62,26.9,53,22.9
4/30/2021 14:00,60,26.9,53,22.9
4/30/2021 15:00,60,26.9,52,22.8
4/30/2021 16:00,60,26.9,53,22.9
4/30/2021 17:00,51,26.9,53,22.8
4/30/2021 18:00,42,26.9,54,22.8
4/30/2021 19:00,37,26.9,54,22.7
4/30/2021 20:00,36,26.8,54,22.7
4/30/2021 21:00,35,26.9,55,22.7
4/30/2021 22:00,35,26.8,54,22.7
4/30/2021 23:00,37,26.8,54,22.6
5/1/2021 0:00,39,26.9,54,22.6
5/1/2021 1:00,43,26.8,55,22.6
5/1/2021 2:00,40,26.9,54,22.5
5/1/2021 3:00,44,26.8,54,22.5
5/1/2021 4:00,46,26.8,53,22.4
5/1/2021 5:00,44,26.9,53,22.4
5/1/2021 6:00,47,26.9,55,22.3
5/1/2021 7:00,46,26.9,54,22.4
5/1/2021 8:00,53,26.9,53,22.3
5/1/2021 9:00,59,26.9,53,22.4
5/1/2021 10:00,60,27,52,22.3
5/1/2021 11:00,59,26.9,51,22.4
5/1/2021 12:00,60,27,51,22.3
5/1/2021 13:00,58,26.9,52,22.3
5/1/2021 14:00,50,26.9,52,22.2
5/1/2021 15:00,54,26.9,51,22.3
5/1/2021 16:00,52,26.9,52,22.2
5/1/2021 17:00,47,26.9,52,22.2
5/1/2021 18:00,41,26.9,53,22.1
5/1/2021 19:00,36,26.8,53,22.1
5/1/2021 20:00,36,26.9,53,22
5/1/2021 21:00,44,26.8,53,22
5/1/2021 22:00,41,26.9,53,22
5/1/2021 23:00,38,26.9,53,22
5/2/2021 0:00,41,26.9,53,21.9
5/2/2021 1:00,36,26.9,53,22
5/2/2021 2:00,35,26.9,53,21.9
5/2/2021 3:00,37,26.9,53,21.9
5/2/2021 4:00,35,26.8,53,21.8
5/2/2021 5:00,37,26.9,53,21.8
5/2/2021 6:00,41,26.9,53,21.8
5/2/2021 7:00,39,26.9,53,21.7
5/2/2021 8:00,37,26.9,53,21.7
5/2/2021 9:00,37,26.9,53,21.7
5/2/2021 10:00,42,26.9,52,21.7
5/2/2021 11:00,47,26.9,51,21.7
5/2/2021 12:00,50,27,51,21.7
5/2/2021 13:00,47,27,51,21.7
5/2/2021 14:00,35,27,51,21.6
5/2/2021 15:00,34,27.1,NA,21.7
5/2/2021 16:00,35,27.2,51,21.8
5/2/2021 17:00,35,27.2,NA,21.8
5/2/2021 18:00,34,27.2,NA,21.8
5/2/2021 19:00,33,27.2,NA,21.8
5/2/2021 20:00,33,27.2,NA,21.7
5/2/2021 21:00,33,27.2,NA,21.7
5/2/2021 22:00,32,27.2,NA,21.7
5/2/2021 23:00,31,27.2,NA,21.8
5/3/2021 0:00,30,27.3,55,21.8
5/3/2021 1:00,30,27.4,NA,21.9
5/3/2021 2:00,29,27.5,NA,21.9
5/3/2021 3:00,28,27.5,NA,22
5/3/2021 4:00,28,27.6,NA,22
5/3/2021 5:00,28,27.6,NA,22
5/3/2021 6:00,28,27.7,NA,22.1
5/3/2021 7:00,31,27.7,NA,22.1
5/3/2021 8:00,32,27.7,NA,22.2
5/3/2021 9:00,31,27.7,NA,22.2
5/3/2021 10:00,33,27.8,NA,22.2
5/3/2021 11:00,35,27.8,56,22.2
5/3/2021 12:00,31,27.8,NA,22.2
5/3/2021 13:00,35,27.8,NA,22.2
5/3/2021 14:00,32,27.8,NA,22.2
5/3/2021 15:00,30,27.9,59,22.3
5/3/2021 16:00,30,27.9,NA,22.3
5/3/2021 17:00,28,27.9,NA,22.3
5/3/2021 18:00,27,27.9,60,22.3
5/3/2021 19:00,26,28,NA,22.3
5/3/2021 20:00,26,28,NA,22.3
5/3/2021 21:00,26,28,60,22.4
5/3/2021 22:00,25,28,NA,22.4
5/3/2021 23:00,24,28,60,22.4
5/4/2021 0:00,24,28,60,22.4
5/4/2021 1:00,26,28,60,22.4
5/4/2021 2:00,25,28,61,22.4
5/4/2021 3:00,27,28,60,22.4
5/4/2021 4:00,26,28,61,22.4
5/4/2021 5:00,28,28,61,22.3
5/4/2021 6:00,30,28,60,22.4
5/4/2021 7:00,31,28,60,22.4
5/4/2021 8:00,32,28,60,22.4
5/4/2021 9:00,35,28,58,22.4
5/4/2021 10:00,34,28,59,22.4
5/4/2021 11:00,37,28.1,58,22.5
5/4/2021 12:00,35,28.1,58,22.4
5/4/2021 13:00,32,28.1,58,22.5
5/4/2021 14:00,31,28.2,59,22.5
5/4/2021 15:00,31,28.2,59,22.6
5/4/2021 16:00,31,28.2,NA,22.5
5/4/2021 17:00,32,28.2,60,22.5
5/4/2021 18:00,32,28.2,60,22.5
5/4/2021 19:00,31,28.2,60,22.5
5/4/2021 20:00,31,28.2,59,22.5
5/4/2021 21:00,31,28.3,NA,22.6
5/4/2021 22:00,31,28.3,NA,22.6
5/4/2021 23:00,30,28.3,NA,22.6
5/5/2021 0:00,31,28.3,60,22.6
5/5/2021 1:00,30,28.3,59,22.7
5/5/2021 2:00,28,28.3,60,22.6
5/5/2021 3:00,29,28.3,60,22.6
5/5/2021 4:00,30,28.3,60,22.6
5/5/2021 5:00,30,28.3,60,22.6
5/5/2021 6:00,32,28.3,60,22.6
5/5/2021 7:00,35,28.3,59,22.6
5/5/2021 8:00,37,28.3,57,22.6
5/5/2021 9:00,31,28.4,NA,22.6
5/5/2021 10:00,36,28.4,NA,22.7
5/5/2021 11:00,34,28.5,NA,22.7
5/5/2021 12:00,34,28.7,61,22.9
5/5/2021 13:00,36,28.7,NA,22.9
5/5/2021 14:00,37,28.7,NA,23
5/5/2021 15:00,39,28.7,NA,23
5/5/2021 16:00,38,28.7,NA,23
5/5/2021 17:00,35,28.7,NA,23
5/5/2021 18:00,32,28.7,61,22.9
5/5/2021 19:00,34,28.7,NA,22.9
5/5/2021 20:00,35,28.6,60,22.9
5/5/2021 21:00,35,28.6,60,22.9
5/5/2021 22:00,34,28.6,61,23
5/5/2021 23:00,34,28.6,61,22.9
5/6/2021 0:00,35,28.6,61,23
5/6/2021 1:00,35,28.6,61,23
5/6/2021 2:00,35,28.6,60,23
5/6/2021 3:00,35,28.6,61,23
5/6/2021 4:00,32,28.6,61,22.9
5/6/2021 5:00,35,28.6,62,22.9
5/6/2021 6:00,34,28.6,60,22.9
5/6/2021 7:00,41,28.6,60,23
5/6/2021 8:00,46,28.7,61,23
5/6/2021 9:00,48,28.7,59,23
5/6/2021 10:00,51,28.7,59,23
5/6/2021 11:00,52,28.7,58,23.1
5/6/2021 12:00,54,28.7,56,23.1
5/6/2021 13:00,56,28.7,56,23
5/6/2021 14:00,57,28.7,56,23
5/6/2021 15:00,58,28.7,55,22.9
5/6/2021 16:00,55,28.7,55,22.9
5/6/2021 17:00,48,28.7,56,22.9
5/6/2021 18:00,44,28.7,56,22.9
5/6/2021 19:00,39,28.6,56,22.8
5/6/2021 20:00,34,28.6,56,22.8
5/6/2021 21:00,34,28.6,56,22.9
5/6/2021 22:00,33,28.6,56,22.9
5/6/2021 23:00,33,28.6,56,22.8
5/7/2021 0:00,43,28.6,56,22.8
5/7/2021 1:00,40,28.6,56,22.8
5/7/2021 2:00,41,28.6,56,22.8
5/7/2021 3:00,38,28.6,56,22.7
5/7/2021 4:00,38,28.6,56,22.8
5/7/2021 5:00,42,28.6,56,22.7
5/7/2021 6:00,47,28.6,56,22.6
5/7/2021 7:00,50,28.6,56,22.7
5/7/2021 8:00,56,28.6,56,22.6
5/7/2021 9:00,58,28.7,55,22.7
5/7/2021 10:00,59,28.7,54,22.7
5/7/2021 11:00,57,28.7,54,22.8
5/7/2021 12:00,56,28.7,54,22.7
5/7/2021 13:00,52,28.7,54,22.6
5/7/2021 14:00,56,28.7,54,22.7
5/7/2021 15:00,55,28.7,54,22.7
5/7/2021 16:00,55,28.7,54,22.7
5/7/2021 17:00,50,28.7,54,22.6
5/7/2021 18:00,49,28.7,54,22.6
5/7/2021 19:00,44,28.6,54,22.6
5/7/2021 20:00,46,28.7,54,22.6
5/7/2021 21:00,45,28.6,55,22.6
5/7/2021 22:00,43,28.6,56,22.5
5/7/2021 23:00,44,28.6,55,22.5
5/8/2021 0:00,46,28.6,54,22.5
5/8/2021 1:00,47,28.6,55,22.6
5/8/2021 2:00,43,28.6,54,22.5
5/8/2021 3:00,36,28.6,54,22.4
5/8/2021 4:00,34,28.6,55,22.4
5/8/2021 5:00,34,28.6,55,22.4
5/8/2021 6:00,36,28.6,55,22.4
5/8/2021 7:00,37,28.6,54,22.4
5/8/2021 8:00,42,28.7,54,22.4
5/8/2021 9:00,41,28.7,54,22.4
5/8/2021 10:00,42,28.7,53,22.4
5/8/2021 11:00,44,28.7,53,22.4
5/8/2021 12:00,46,28.7,53,22.4
5/8/2021 13:00,46,28.7,52,22.3
5/8/2021 14:00,45,28.7,52,22.3
5/8/2021 15:00,32,28.7,52,22.1
5/8/2021 16:00,37,28.7,53,22.2
5/8/2021 17:00,35,28.7,53,22.2
5/8/2021 18:00,35,28.7,53,22.2
5/8/2021 19:00,31,28.7,53,22.1
5/8/2021 20:00,30,28.6,54,22.1
5/8/2021 21:00,26,28.6,54,22.1
5/8/2021 22:00,23,28.6,54,22.1
5/8/2021 23:00,23,28.6,54,22.1
5/9/2021 0:00,21,28.6,54,22.1
5/9/2021 1:00,21,28.6,54,22.1
5/9/2021 2:00,21,28.6,54,22.1
5/9/2021 3:00,20,28.6,54,22.1
5/9/2021 4:00,22,28.6,54,22.1
5/9/2021 5:00,25,28.6,54,22
5/9/2021 6:00,28,28.6,54,22
5/9/2021 7:00,30,28.6,53,21.9
5/9/2021 8:00,34,28.7,53,22
5/9/2021 9:00,36,28.7,52,21.9
5/9/2021 10:00,36,28.7,52,21.9
5/9/2021 11:00,39,28.7,52,22
5/9/2021 12:00,38,28.7,53,22
5/9/2021 13:00,37,28.7,52,22
5/9/2021 14:00,36,28.7,52,21.9
5/9/2021 15:00,36,28.7,52,21.9
5/9/2021 16:00,35,28.7,52,21.9
5/9/2021 17:00,32,28.7,52,21.8
5/9/2021 18:00,29,28.7,53,21.8
5/9/2021 19:00,28,28.7,52,21.8
5/9/2021 20:00,28,28.7,53,21.8
5/9/2021 21:00,27,28.7,53,21.9
5/9/2021 22:00,27,28.8,54,21.9
5/9/2021 23:00,27,28.8,54,22
5/10/2021 0:00,27,28.8,54,22
5/10/2021 1:00,26,28.8,54,22
5/10/2021 2:00,26,28.8,NA,22
5/10/2021 3:00,26,28.8,NA,22
5/10/2021 4:00,26,28.8,NA,22
5/10/2021 5:00,28,28.8,NA,22
5/10/2021 6:00,28,28.8,NA,22
5/10/2021 7:00,30,28.8,NA,22
5/10/2021 8:00,32,28.8,NA,22
5/10/2021 9:00,33,28.9,54,22
5/10/2021 10:00,33,28.9,54,22
5/10/2021 11:00,33,28.9,NA,22.1
5/10/2021 12:00,33,29,55,22.1
5/10/2021 13:00,30,29,NA,22.1
5/10/2021 14:00,28,29.1,56,22.2
5/10/2021 15:00,27,29.1,NA,22.2
5/10/2021 16:00,26,29.2,NA,22.3
5/10/2021 17:00,27,29.2,60,22.3
5/10/2021 18:00,25,29.2,60,22.4
5/10/2021 19:00,24,29.2,60,22.4
5/10/2021 20:00,23,29.2,60,22.3
5/10/2021 21:00,23,29.2,60,22.4
5/10/2021 22:00,23,29.3,61,22.4
5/10/2021 23:00,23,29.3,61,22.4
5/11/2021 0:00,17,29.2,61,22.4
5/11/2021 1:00,13,29.2,61,22.4
5/11/2021 2:00,16,29.2,60,22.4
5/11/2021 3:00,16,29.2,60,22.4
5/11/2021 4:00,18,29.2,NA,22.4
5/11/2021 5:00,23,29.2,NA,22.4
5/11/2021 6:00,27,29.2,NA,22.4
5/11/2021 7:00,29,29.3,NA,22.4
5/11/2021 8:00,36,29.3,NA,22.5
5/11/2021 9:00,37,29.3,56,22.5
5/11/2021 10:00,34,29.4,NA,22.4
5/11/2021 11:00,30,29.4,59,22.5
5/11/2021 12:00,29,29.4,58,22.5
5/11/2021 13:00,32,29.5,58,22.5
5/11/2021 14:00,35,29.5,57,22.6
5/11/2021 15:00,31,29.5,NA,22.5
5/11/2021 16:00,31,29.5,NA,22.6
5/11/2021 17:00,29,29.5,NA,22.6
5/11/2021 18:00,29,29.6,NA,22.6
5/11/2021 19:00,29,29.6,59,22.6
5/11/2021 20:00,25,29.6,NA,22.6
5/11/2021 21:00,23,29.6,NA,22.6
5/11/2021 22:00,20,29.6,NA,22.7
5/11/2021 23:00,19,29.5,NA,22.7
5/12/2021 0:00,18,29.5,63,22.7
5/12/2021 1:00,17,29.5,NA,22.7
5/12/2021 2:00,17,29.5,NA,22.7
5/12/2021 3:00,18,29.5,NA,22.6
5/12/2021 4:00,19,29.5,NA,22.6
5/12/2021 5:00,25,29.5,NA,22.6
5/12/2021 6:00,29,29.5,NA,22.6
5/12/2021 7:00,32,29.6,58,22.7
5/12/2021 8:00,35,29.6,60,22.7
5/12/2021 9:00,40,29.6,59,22.8
5/12/2021 10:00,44,29.7,58,22.7
5/12/2021 11:00,38,29.7,59,22.8
5/12/2021 12:00,42,29.6,58,22.8
5/12/2021 13:00,39,29.7,58,22.7
5/12/2021 14:00,45,29.6,57,22.7
5/12/2021 15:00,42,29.6,57,22.7
5/12/2021 16:00,43,29.7,57,22.7
5/12/2021 17:00,38,29.7,57,22.7
5/12/2021 18:00,36,29.6,57,22.7
5/12/2021 19:00,31,29.6,58,22.7
5/12/2021 20:00,30,29.6,58,22.7
5/12/2021 21:00,29,29.6,58,22.7
5/12/2021 22:00,29,29.5,58,22.7
5/12/2021 23:00,31,29.5,58,22.8
5/13/2021 0:00,30,29.6,58,22.8
5/13/2021 1:00,30,29.6,58,22.8
5/13/2021 2:00,29,29.5,58,22.8
5/13/2021 3:00,34,29.6,58,22.8
5/13/2021 4:00,36,29.6,58,22.8
5/13/2021 5:00,36,29.6,57,22.8
5/13/2021 6:00,37,29.6,58,22.7
5/13/2021 7:00,41,29.6,57,22.8
5/13/2021 8:00,47,29.6,57,22.8
5/13/2021 9:00,48,29.7,56,22.7
5/13/2021 10:00,48,29.7,56,22.8
5/13/2021 11:00,49,29.7,56,22.8
5/13/2021 12:00,50,29.7,56,22.8
5/13/2021 13:00,53,29.7,55,22.7
5/13/2021 14:00,50,29.7,55,22.8
5/13/2021 15:00,51,29.6,55,22.8
5/13/2021 16:00,50,29.7,54,22.8
5/13/2021 17:00,46,29.6,55,22.7
5/13/2021 18:00,41,29.6,55,22.7
5/13/2021 19:00,40,29.6,55,22.7
5/13/2021 20:00,38,29.6,55,22.7
5/13/2021 21:00,35,29.6,56,22.7
5/13/2021 22:00,34,29.6,56,22.7
5/13/2021 23:00,33,29.6,56,22.8
5/14/2021 0:00,31,29.6,56,22.8
5/14/2021 1:00,31,29.5,56,22.8
5/14/2021 2:00,30,29.6,56,22.8
5/14/2021 3:00,30,29.6,56,22.8
5/14/2021 4:00,34,29.5,56,22.8
5/14/2021 5:00,43,29.6,55,22.7
5/14/2021 6:00,46,29.6,55,22.8
5/14/2021 7:00,48,29.6,55,22.8
5/14/2021 8:00,51,29.6,54,22.8
5/14/2021 9:00,49,29.6,54,22.7
5/14/2021 10:00,48,29.7,54,22.8
5/14/2021 11:00,54,29.7,54,22.8
5/14/2021 12:00,54,29.7,53,22.8
5/14/2021 13:00,53,29.7,53,22.8
5/14/2021 14:00,51,29.6,53,22.8
5/14/2021 15:00,51,29.6,52,22.8
5/14/2021 16:00,45,29.6,53,22.7
5/14/2021 17:00,44,29.6,53,22.6
5/14/2021 18:00,40,29.6,53,22.7
5/14/2021 19:00,37,29.6,53,22.7
5/14/2021 20:00,36,29.6,53,22.7
5/14/2021 21:00,35,29.6,53,22.7
5/14/2021 22:00,34,29.6,53,22.7
5/14/2021 23:00,32,29.6,53,22.7
5/15/2021 0:00,31,29.6,53,22.7
5/15/2021 1:00,30,29.6,111,22.7
5/15/2021 2:00,30,29.6,52,22.7
5/15/2021 3:00,31,29.6,NA,22.7
5/15/2021 4:00,30,29.6,NA,22.7
5/15/2021 5:00,32,29.6,NA,22.7
5/15/2021 6:00,41,29.6,NA,22.6
5/15/2021 7:00,49,29.6,53,22.6
5/15/2021 8:00,55,29.6,53,22.5
5/15/2021 9:00,56,29.7,52,22.4
5/15/2021 10:00,55,29.7,52,22.5
5/15/2021 11:00,50,29.7,52,22.5
5/15/2021 12:00,51,29.7,53,22.4
5/15/2021 13:00,51,29.7,52,22.5
5/15/2021 14:00,50,29.7,52,22.5
5/15/2021 15:00,50,29.7,52,22.4
5/15/2021 16:00,47,29.7,52,22.5
5/15/2021 17:00,44,29.6,52,22.5
5/15/2021 18:00,40,29.6,52,22.4
5/15/2021 19:00,37,29.6,53,22.4
5/15/2021 20:00,38,29.6,53,22.3
5/15/2021 21:00,38,29.6,53,22.3
5/15/2021 22:00,33,29.6,53,22.4
5/15/2021 23:00,32,29.6,NA,22.3
5/16/2021 0:00,31,29.6,51,22.4
5/16/2021 1:00,31,29.6,NA,22.4
5/16/2021 2:00,30,29.5,NA,22.4
5/16/2021 3:00,30,29.6,NA,22.4
5/16/2021 4:00,29,29.6,NA,22.4
5/16/2021 5:00,30,29.6,NA,22.4
5/16/2021 6:00,37,29.5,NA,22.4
5/16/2021 7:00,49,29.6,53,22.3
5/16/2021 8:00,53,29.6,52,22.2
5/16/2021 9:00,53,29.7,52,22.1
5/16/2021 10:00,44,29.7,52,22.1
5/16/2021 11:00,47,29.7,52,22.1
5/16/2021 12:00,52,29.7,51,22.2
5/16/2021 13:00,47,29.7,51,22.1
5/16/2021 14:00,45,29.7,52,22.2
5/16/2021 15:00,45,29.7,50,22.2
5/16/2021 16:00,43,29.7,51,22.1
5/16/2021 17:00,41,29.7,51,22.2
5/16/2021 18:00,40,29.7,52,22.1
5/16/2021 19:00,37,29.7,52,22.1
5/16/2021 20:00,35,29.6,52,22.2
5/16/2021 21:00,33,29.7,52,22.1
5/16/2021 22:00,36,29.7,51,22.1
5/16/2021 23:00,36,29.6,52,22.1
5/17/2021 0:00,33,29.7,52,22.1
5/17/2021 1:00,32,29.6,51,22.1
5/17/2021 2:00,31,29.6,NA,22.1
5/17/2021 3:00,31,29.6,NA,22.1
5/17/2021 4:00,31,29.6,NA,22.1
5/17/2021 5:00,33,29.6,NA,22.1
5/17/2021 6:00,39,29.6,NA,22
5/17/2021 7:00,47,29.6,51,22
5/17/2021 8:00,49,29.7,51,22
5/17/2021 9:00,51,29.7,50,22
5/17/2021 10:00,49,29.7,50,22
5/17/2021 11:00,46,29.7,50,22
5/17/2021 12:00,49,29.7,50,22
5/17/2021 13:00,49,29.7,50,22
5/17/2021 14:00,46,29.7,50,22
5/17/2021 15:00,42,29.7,51,21.8
5/17/2021 16:00,38,29.7,51,21.9
5/17/2021 17:00,38,29.7,51,21.9
5/17/2021 18:00,37,29.7,51,21.9
5/17/2021 19:00,33,29.7,50,21.8
5/17/2021 20:00,32,29.7,NA,21.8
5/17/2021 21:00,31,29.7,NA,21.9
5/17/2021 22:00,31,29.7,NA,21.9
5/17/2021 23:00,33,29.7,NA,21.8
5/18/2021 0:00,32,29.7,50,22
5/18/2021 1:00,31,29.6,NA,21.9
5/18/2021 2:00,32,29.6,NA,21.8
5/18/2021 3:00,33,29.7,NA,21.7
5/18/2021 4:00,32,29.7,NA,21.8
5/18/2021 5:00,33,29.7,NA,21.8
5/18/2021 6:00,36,29.7,NA,21.9
5/18/2021 7:00,41,29.7,NA,21.8
5/18/2021 8:00,48,29.7,NA,21.8
5/18/2021 9:00,52,29.8,49,21.5
5/18/2021 10:00,53,29.8,49,21.6
5/18/2021 11:00,54,29.8,48,21.6
5/18/2021 12:00,54,29.7,48,21.6
5/18/2021 13:00,54,29.7,47,21.6
5/18/2021 14:00,54,29.7,47,21.5
5/18/2021 15:00,54,29.7,47,21.4
5/18/2021 16:00,49,29.7,48,21.3
5/18/2021 17:00,46,29.7,48,21.3
5/18/2021 18:00,40,29.6,49,21.2
5/18/2021 19:00,36,29.7,49,21.1
5/18/2021 20:00,34,29.6,47,21.1
5/18/2021 21:00,33,29.6,NA,21.1
5/18/2021 22:00,33,29.6,NA,21.1
5/18/2021 23:00,31,29.6,NA,21.1
5/19/2021 0:00,31,29.7,48,21.1
5/19/2021 1:00,32,29.6,NA,21.1
5/19/2021 2:00,32,29.6,NA,21
5/19/2021 3:00,35,29.6,NA,20.9
5/19/2021 4:00,35,29.6,NA,20.8
5/19/2021 5:00,35,29.6,NA,20.8
5/19/2021 6:00,40,29.6,NA,20.8
5/19/2021 7:00,48,29.6,48,20.7
5/19/2021 8:00,52,29.7,48,20.6
5/19/2021 9:00,50,29.7,47,20.6
5/19/2021 10:00,53,29.7,47,20.7
5/19/2021 11:00,50,29.7,47,20.6
5/19/2021 12:00,48,29.7,47,20.6
5/19/2021 13:00,47,29.7,47,20.7
5/19/2021 14:00,45,29.8,47,20.6
5/19/2021 15:00,41,29.7,47,20.5
5/19/2021 16:00,47,29.7,47,20.6
5/19/2021 17:00,41,29.8,47,20.6
5/19/2021 18:00,36,29.7,47,20.5
5/19/2021 19:00,34,29.7,NA,20.5
5/19/2021 20:00,35,29.7,NA,20.5
5/19/2021 21:00,33,29.7,NA,20.4
5/19/2021 22:00,41,29.7,47,20.4
5/19/2021 23:00,36,29.7,47,20.4
5/20/2021 0:00,41,29.8,48,20.4
5/20/2021 1:00,45,29.7,48,20.4
5/20/2021 2:00,43,29.7,48,20.4
5/20/2021 3:00,39,29.7,48,20.4
5/20/2021 4:00,44,29.7,49,20.4
5/20/2021 5:00,43,29.7,48,20.3
5/20/2021 6:00,46,29.7,48,20.3
5/20/2021 7:00,48,29.7,47,20.2
5/20/2021 8:00,50,29.8,47,20.3
5/20/2021 9:00,52,29.8,46,20.3
5/20/2021 10:00,57,29.8,45,20.3
5/20/2021 11:00,57,29.8,45,20.3
5/20/2021 12:00,55,29.7,44,20.2
5/20/2021 13:00,52,29.7,45,20
5/20/2021 14:00,54,29.7,44,19.9
5/20/2021 15:00,56,29.7,44,19.9
5/20/2021 16:00,58,29.7,44,19.8
5/20/2021 17:00,53,29.7,44,19.7
5/20/2021 18:00,47,29.7,44,19.6
5/20/2021 19:00,40,29.7,45,19.6
5/20/2021 20:00,38,29.7,45,19.5
5/20/2021 21:00,39,29.7,45,19.5
5/20/2021 22:00,45,29.7,45,19.5
5/20/2021 23:00,36,29.7,45,19.4
5/21/2021 0:00,34,29.8,45,19.4
5/21/2021 1:00,35,29.7,45,19.4
5/21/2021 2:00,48,29.7,45,19.4
5/21/2021 3:00,39,29.7,45,19.3
5/21/2021 4:00,37,29.7,45,19.3
5/21/2021 5:00,36,29.7,45,19.3
5/21/2021 6:00,43,29.7,44,19.2
5/21/2021 7:00,51,29.7,44,19.2
5/21/2021 8:00,52,29.7,44,19.2
5/21/2021 9:00,54,29.7,43,19.2
5/21/2021 10:00,54,29.8,43,19.2
5/21/2021 11:00,55,29.7,43,19.2
5/21/2021 12:00,53,29.8,43,19.2
5/21/2021 13:00,54,29.7,42,19
5/21/2021 14:00,52,29.7,41,18.9
5/21/2021 15:00,49,29.7,41,18.9
5/21/2021 16:00,51,29.7,42,18.8
5/21/2021 17:00,50,29.7,42,18.8
5/21/2021 18:00,47,29.7,42,18.7
5/21/2021 19:00,41,29.7,42,18.6
5/21/2021 20:00,41,29.7,42,18.6
5/21/2021 21:00,36,29.7,43,18.6
5/21/2021 22:00,34,29.7,43,18.6
5/21/2021 23:00,34,29.7,43,18.6
5/22/2021 0:00,32,29.8,40,18.6
5/22/2021 1:00,31,29.7,NA,18.5
5/22/2021 2:00,31,29.7,NA,18.5
5/22/2021 3:00,31,29.7,NA,18.5
5/22/2021 4:00,31,29.7,NA,18.4
5/22/2021 5:00,32,29.7,NA,18.4
5/22/2021 6:00,41,29.7,NA,18.4
5/22/2021 7:00,48,29.7,42,18.5
5/22/2021 8:00,51,29.7,42,18.5
5/22/2021 9:00,54,29.8,41,18.5
5/22/2021 10:00,54,29.7,41,18.5
5/22/2021 11:00,57,29.7,39,18.4
5/22/2021 12:00,53,29.7,40,18.4
5/22/2021 13:00,52,29.7,39,18.3
5/22/2021 14:00,50,29.7,39,18.1
5/22/2021 15:00,42,29.8,40,18
5/22/2021 16:00,44,29.8,40,18.1
5/22/2021 17:00,42,29.8,40,17.9
5/22/2021 18:00,40,29.8,40,17.9
5/22/2021 19:00,39,29.9,NA,18
5/22/2021 20:00,39,29.9,NA,18
5/22/2021 21:00,41,29.9,NA,17.9
5/22/2021 22:00,39,29.9,NA,17.9
5/22/2021 23:00,41,29.9,38,17.9
5/23/2021 0:00,40,29.8,38,17.9
5/23/2021 1:00,38,30,38,17.8
5/23/2021 2:00,34,30,NA,17.8
5/23/2021 3:00,33,29.9,NA,17.7
5/23/2021 4:00,34,29.9,NA,17.6
5/23/2021 5:00,35,29.9,NA,17.6
5/23/2021 6:00,40,30,NA,17.6
5/23/2021 7:00,45,29.9,39,17.6
5/23/2021 8:00,47,30,40,17.6
5/23/2021 9:00,43,30,39,17.6
5/23/2021 10:00,39,30,39,17.5
5/23/2021 11:00,36,30.1,NA,17.6
5/23/2021 12:00,38,30.1,NA,17.6
5/23/2021 13:00,40,30.1,39,17.6
5/23/2021 14:00,40,30.1,39,17.6
5/23/2021 15:00,46,30.1,39,17.6
5/23/2021 16:00,46,30.1,39,17.6
5/23/2021 17:00,42,30.1,39,17.5
5/23/2021 18:00,40,30.1,39,17.4
5/23/2021 19:00,38,30.1,40,17.4
5/23/2021 20:00,36,30.1,40,17.3
5/23/2021 21:00,35,30.1,39,17.3
5/23/2021 22:00,35,30.1,40,17.3
5/23/2021 23:00,33,30.1,40,17.4
5/24/2021 0:00,32,30,40,17.4
5/24/2021 1:00,31,30.1,40,17.5
5/24/2021 2:00,31,30.1,40,17.5
5/24/2021 3:00,30,30.1,40,17.6
5/24/2021 4:00,35,30.1,40,17.6
5/24/2021 5:00,37,30.1,40,17.6
5/24/2021 6:00,39,30.1,40,17.5
5/24/2021 7:00,38,30.1,40,17.5
5/24/2021 8:00,43,30.1,40,17.4
5/24/2021 9:00,44,30.1,39,17.3
5/24/2021 10:00,44,30.2,38,17.1
5/24/2021 11:00,47,30.1,38,17.3
5/24/2021 12:00,46,30.1,38,17.2
5/24/2021 13:00,50,30.1,37,17.2
5/24/2021 14:00,49,30.1,36,17
5/24/2021 15:00,49,30.1,36,16.7
5/24/2021 16:00,49,30.1,36,16.7
5/24/2021 17:00,44,30.2,35,16.6
5/24/2021 18:00,43,30.1,36,16.5
5/24/2021 19:00,40,30.1,36,16.6
5/24/2021 20:00,40,30.1,37,16.6
5/24/2021 21:00,37,30.1,37,16.8
5/24/2021 22:00,36,30.1,37,16.8
5/24/2021 23:00,34,30.1,37,16.8
5/25/2021 0:00,36,30,37,16.8
5/25/2021 1:00,34,30.1,37,16.9
5/25/2021 2:00,35,30.1,37,16.8
5/25/2021 3:00,34,30.1,37,16.8
5/25/2021 4:00,34,30.1,37,16.8
5/25/2021 5:00,36,30.1,37,16.6
5/25/2021 6:00,37,30.1,37,16.4
5/25/2021 7:00,40,30.1,37,16.3
5/25/2021 8:00,42,30.1,36,16.2
5/25/2021 9:00,45,30.1,36,16
5/25/2021 10:00,49,30.1,35,16.2
5/25/2021 11:00,49,30.1,35,16.3
5/25/2021 12:00,51,30.1,34,16.2
5/25/2021 13:00,52,30,34,16
5/25/2021 14:00,53,30.1,33,15.7
5/25/2021 15:00,55,30,33,15.7
5/25/2021 16:00,51,30.1,33,15.5
5/25/2021 17:00,48,30.1,33,15.5
5/25/2021 18:00,40,30.1,34,15.4
5/25/2021 19:00,36,30.1,34,15.4
5/25/2021 20:00,35,30,35,15.4
5/25/2021 21:00,36,30,35,15.4
5/25/2021 22:00,34,30.1,35,15.4
5/25/2021 23:00,33,30,35,15.4
5/26/2021 0:00,33,30,35,15.5
5/26/2021 1:00,33,30,35,15.4
5/26/2021 2:00,35,30.1,35,15.4
5/26/2021 3:00,42,30.1,34,15.3
5/26/2021 4:00,46,30,35,15.3
5/26/2021 5:00,47,30.1,35,15.3
5/26/2021 6:00,49,30.1,34,15.1
5/26/2021 7:00,50,30.1,33,15.1
5/26/2021 8:00,53,30.1,33,15.2
5/26/2021 9:00,56,30.1,33,15.3
5/26/2021 10:00,56,30.1,33,15.2
5/26/2021 11:00,53,30,32,15.1
5/26/2021 12:00,52,30.1,32,15
5/26/2021 13:00,53,30.1,32,15
5/26/2021 14:00,52,30.1,33,15
5/26/2021 15:00,52,30.1,32,14.9
5/26/2021 16:00,50,30,32,14.7
5/26/2021 17:00,48,30,33,14.7
5/26/2021 18:00,47,30,33,14.7
5/26/2021 19:00,43,30,33,14.6
5/26/2021 20:00,40,30,33,14.6
5/26/2021 21:00,39,30,33,14.6
5/26/2021 22:00,39,30,33,14.7
5/26/2021 23:00,40,30.1,33,14.6
5/27/2021 0:00,39,30,33,14.6
5/27/2021 1:00,38,30.1,33,14.7
5/27/2021 2:00,38,30.1,33,14.8
5/27/2021 3:00,34,30,33,14.8
5/27/2021 4:00,31,30,33,15
5/27/2021 5:00,36,30.1,33,14.9
5/27/2021 6:00,39,30,33,14.8
5/27/2021 7:00,42,30,33,14.7
5/27/2021 8:00,45,30.1,33,14.5
5/27/2021 9:00,48,30.1,32,14.2
5/27/2021 10:00,50,30.1,30,14.4
5/27/2021 11:00,50,30,30,14.4
5/27/2021 12:00,53,30,30,14.3
5/27/2021 13:00,53,30,29,14.1
5/27/2021 14:00,55,29.9,29,13.9
5/27/2021 15:00,54,30,28,13.8
5/27/2021 16:00,54,29.9,29,13.7
5/27/2021 17:00,50,30,30,13.6
5/27/2021 18:00,47,30,30,13.6
5/27/2021 19:00,38,29.9,30,13.5
5/27/2021 20:00,35,30,30,13.6
5/27/2021 21:00,34,30,30,13.7
5/27/2021 22:00,33,30,30,13.8
5/27/2021 23:00,31,29.9,30,14
5/28/2021 0:00,31,30,30,14
5/28/2021 1:00,30,30,30,14
5/28/2021 2:00,30,30,30,13.9
5/28/2021 3:00,43,30,30,13.7
5/28/2021 4:00,33,29.9,29,13.6
5/28/2021 5:00,43,30,30,13.5
5/28/2021 6:00,46,30,30,13.3
5/28/2021 7:00,50,30,29,13.2
5/28/2021 8:00,54,30,29,13.1
5/28/2021 9:00,55,30,28,13.1
5/28/2021 10:00,56,30,29,13.2
5/28/2021 11:00,56,30,28,13.3
5/28/2021 12:00,59,29.9,28,13.3
5/28/2021 13:00,58,29.9,27,13
5/28/2021 14:00,54,29.9,28,12.9
5/28/2021 15:00,51,29.9,27,12.8
5/28/2021 16:00,52,29.9,27,12.7
5/28/2021 17:00,49,29.9,26,12.8
5/28/2021 18:00,44,29.9,28,12.7
5/28/2021 19:00,47,29.9,28,12.7
5/28/2021 20:00,40,29.9,28,12.7
5/28/2021 21:00,45,29.9,28,12.6
5/28/2021 22:00,36,29.9,28,12.6
5/28/2021 23:00,34,29.9,28,12.7
5/29/2021 0:00,33,30,28,12.7
5/29/2021 1:00,33,29.9,29,12.7
5/29/2021 2:00,31,29.9,28,12.7
5/29/2021 3:00,31,29.9,28,12.7
5/29/2021 4:00,30,29.9,28,12.7
5/29/2021 5:00,33,29.9,NA,12.7
5/29/2021 6:00,42,29.9,NA,12.7
5/29/2021 7:00,48,29.9,28,12.6
5/29/2021 8:00,53,30,28,12.4
5/29/2021 9:00,56,29.9,25,12.4
5/29/2021 10:00,56,29.9,26,12.5
5/29/2021 11:00,54,29.9,26,12.5
5/29/2021 12:00,54,29.9,26,12.4
5/29/2021 13:00,49,29.9,26,12.3
5/29/2021 14:00,52,29.9,25,12.3
5/29/2021 15:00,50,29.9,25,12.2
5/29/2021 16:00,46,29.9,26,12.1
5/29/2021 17:00,42,29.9,26,12
5/29/2021 18:00,39,29.9,26,12
5/29/2021 19:00,36,29.9,26,12
5/29/2021 20:00,36,29.9,NA,12
5/29/2021 21:00,36,29.9,NA,12
5/29/2021 22:00,34,29.9,148,12
5/29/2021 23:00,34,29.9,25,12
5/30/2021 0:00,33,30,25,12.1
5/30/2021 1:00,33,29.9,NA,12.1
5/30/2021 2:00,33,29.9,NA,12.1
5/30/2021 3:00,32,29.9,NA,12.2
5/30/2021 4:00,32,29.9,NA,12.2
5/30/2021 5:00,36,29.9,NA,12.1
5/30/2021 6:00,38,29.9,NA,11.9
5/30/2021 7:00,39,29.9,NA,11.9
5/30/2021 8:00,40,29.9,NA,11.9
5/30/2021 9:00,42,29.9,26,11.9
5/30/2021 10:00,46,29.9,26,12
5/30/2021 11:00,43,30,24,12
5/30/2021 12:00,41,30,25,12
5/30/2021 13:00,37,30,26,11.9
5/30/2021 14:00,35,30,58,11.8
5/30/2021 15:00,35,30,NA,11.9
5/30/2021 16:00,35,30.1,NA,11.9
5/30/2021 17:00,35,30.1,NA,11.9
5/30/2021 18:00,35,30.1,NA,11.9
5/30/2021 19:00,35,30.1,NA,11.9
5/30/2021 20:00,35,30.1,NA,11.9
5/30/2021 21:00,34,30.1,136,11.9
5/30/2021 22:00,34,30.1,NA,11.9
5/30/2021 23:00,33,30.1,NA,11.9
5/31/2021 0:00,31,30.1,25,12
5/31/2021 1:00,31,30.1,NA,11.9
5/31/2021 2:00,30,30.1,NA,11.9
5/31/2021 3:00,28,30.1,NA,11.9
5/31/2021 4:00,29,30.1,NA,11.9
5/31/2021 5:00,32,30.1,NA,11.9
5/31/2021 6:00,33,30.1,NA,11.9
5/31/2021 7:00,36,30.1,NA,11.9
5/31/2021 8:00,44,30.1,NA,11.9
5/31/2021 9:00,49,30.1,25,11.9
5/31/2021 10:00,49,30.1,25,11.9
5/31/2021 11:00,50,30.1,25,11.9
5/31/2021 12:00,52,30,22,11.8
5/31/2021 13:00,52,30,23,11.5
5/31/2021 14:00,53,30,23,11.3
5/31/2021 15:00,52,29.9,22,11.1
5/31/2021 16:00,50,29.9,23,11
5/31/2021 17:00,46,30,23,11
5/31/2021 18:00,37,30,23,10.9
5/31/2021 19:00,34,30,23,11
5/31/2021 20:00,32,30,23,11.1
5/31/2021 21:00,31,30,23,11.4
5/31/2021 22:00,30,30,24,11.5
5/31/2021 23:00,29,30,24,11.7
6/1/2021 0:00,29,30.1,24,11.7
6/1/2021 1:00,29,30,24,11.7
6/1/2021 2:00,29,30,24,11.7
6/1/2021 3:00,29,30,24,11.5
6/1/2021 4:00,30,30,23,11.4
6/1/2021 5:00,35,30,NA,10.9
6/1/2021 6:00,42,30,24,10.2
6/1/2021 7:00,43,30,24,10.2
6/1/2021 8:00,47,30,24,10.5
6/1/2021 9:00,49,30,22,10.6
6/1/2021 10:00,46,30,21,10.7
6/1/2021 11:00,52,30,22,10.8
6/1/2021 12:00,52,30,22,10.8
6/1/2021 13:00,52,30,23,10.7
6/1/2021 14:00,51,30,22,10.6
6/1/2021 15:00,47,30,20,10.5
6/1/2021 16:00,48,30,23,10.4
6/1/2021 17:00,46,30,23,10.3
6/1/2021 18:00,40,30,23,10.3
6/1/2021 19:00,36,30,24,10.3
6/1/2021 20:00,35,30,24,10.4
6/1/2021 21:00,34,30,23,10.4
6/1/2021 22:00,33,30,23,10.5
6/1/2021 23:00,32,30,23,10.6
6/2/2021 0:00,32,30.1,23,10.6
6/2/2021 1:00,33,30,22,10.5
6/2/2021 2:00,34,30,NA,10.4
6/2/2021 3:00,34,30,NA,10.3
6/2/2021 4:00,34,30,NA,10.3
6/2/2021 5:00,36,30,NA,10.3
6/2/2021 6:00,42,30,NA,10.1
6/2/2021 7:00,48,30,21,10.2
6/2/2021 8:00,51,30,21,10.2
6/2/2021 9:00,55,30,21,10.2
6/2/2021 10:00,54,30,21,10.2
6/2/2021 11:00,60,30,19,10.1
6/2/2021 12:00,59,29.9,18,9.9
6/2/2021 13:00,55,29.9,20,9.7
6/2/2021 14:00,55,29.9,19,9.6
6/2/2021 15:00,52,29.9,18,9.6
6/2/2021 16:00,57,29.9,19,9.5
6/2/2021 17:00,54,29.9,19,9.5
6/2/2021 18:00,46,29.9,20,9.4
6/2/2021 19:00,40,29.9,20,9.4
6/2/2021 20:00,37,29.9,21,9.4
6/2/2021 21:00,36,30,21,9.3
6/2/2021 22:00,35,29.9,21,9.4
6/2/2021 23:00,34,30,NA,9.4
6/3/2021 0:00,34,30.1,20,9.4
6/3/2021 1:00,33,30,NA,9.5
6/3/2021 2:00,33,29.9,NA,9.5
6/3/2021 3:00,33,30,NA,9.5
6/3/2021 4:00,33,30,NA,9.5
6/3/2021 5:00,36,30,NA,9.5
6/3/2021 6:00,43,30,NA,9.3
6/3/2021 7:00,51,30,NA,9.1
6/3/2021 8:00,56,30,20,9
6/3/2021 9:00,55,30,16,9.1
6/3/2021 10:00,58,30,19,9.1
6/3/2021 11:00,63,29.9,18,9.1
6/3/2021 12:00,64,29.9,17,8.8
6/3/2021 13:00,64,29.8,17,8.7
6/3/2021 14:00,66,29.8,16,8.5
6/3/2021 15:00,66,29.8,16,8.3
6/3/2021 16:00,63,29.8,16,8.2
6/3/2021 17:00,57,29.9,17,8.1
6/3/2021 18:00,43,29.9,19,8
6/3/2021 19:00,40,29.9,19,8
6/3/2021 20:00,38,29.9,19,8
6/3/2021 21:00,38,29.9,19,8.1
6/3/2021 22:00,37,29.9,19,8.2
6/3/2021 23:00,36,29.9,NA,8.2
6/4/2021 0:00,36,30.1,17,8.2
6/4/2021 1:00,35,29.9,NA,8.2
6/4/2021 2:00,34,29.9,NA,8.3
6/4/2021 3:00,33,29.9,NA,8.4
6/4/2021 4:00,33,29.9,NA,8.4
6/4/2021 5:00,36,29.9,NA,8.1
6/4/2021 6:00,44,29.9,NA,7.9
6/4/2021 7:00,55,30,18,7.6
6/4/2021 8:00,59,30,17,7.7
6/4/2021 9:00,62,29.9,16,7.8
6/4/2021 10:00,65,29.9,16,7.9
6/4/2021 11:00,66,29.8,15,7.7
6/4/2021 12:00,67,29.8,15,7.5
6/4/2021 13:00,67,29.7,13,7.2
6/4/2021 14:00,70,29.7,12,7
6/4/2021 15:00,71,29.7,12,6.8
6/4/2021 16:00,68,29.7,13,6.7
6/4/2021 17:00,60,29.8,12,6.6
6/4/2021 18:00,46,29.8,14,6.5
6/4/2021 19:00,42,29.8,15,6.5
6/4/2021 20:00,40,29.8,15,6.5
6/4/2021 21:00,39,29.8,15,6.5
6/4/2021 22:00,38,29.8,15,6.5
6/4/2021 23:00,39,29.8,16,6.5
6/5/2021 0:00,39,30.1,16,6.5
6/5/2021 1:00,38,29.9,15,6.5
6/5/2021 2:00,40,29.9,16,6.4
6/5/2021 3:00,39,29.9,16,6.4
6/5/2021 4:00,39,29.9,15,6.4
6/5/2021 5:00,43,29.9,15,6.4
6/5/2021 6:00,49,29.9,14,6.4
6/5/2021 7:00,58,29.9,14,6.4
6/5/2021 8:00,62,29.9,15,6.4
6/5/2021 9:00,65,29.9,12,6.4
6/5/2021 10:00,67,29.8,12,6.4
6/5/2021 11:00,69,29.8,10,6.1
6/5/2021 12:00,63,29.8,10,5.9
6/5/2021 13:00,53,29.8,10,5.8
6/5/2021 14:00,58,29.8,11,5.8
6/5/2021 15:00,54,29.8,12,5.7
6/5/2021 16:00,45,29.9,12,5.7
6/5/2021 17:00,45,29.9,12,5.6
6/5/2021 18:00,45,29.9,12,5.6
6/5/2021 19:00,50,29.9,12,5.6
6/5/2021 20:00,45,29.9,12,5.6
6/5/2021 21:00,45,29.9,11,5.5
6/5/2021 22:00,44,29.9,12,5.5
6/5/2021 23:00,44,29.9,12,5.5
6/6/2021 0:00,47,30.1,11,5.5
6/6/2021 1:00,47,29.9,12,5.5
6/6/2021 2:00,48,30,11,5.5
6/6/2021 3:00,46,29.9,13,5.5
6/6/2021 4:00,49,29.9,13,5.5
6/6/2021 5:00,49,29.9,12,5.4
6/6/2021 6:00,54,30,12,5.4
6/6/2021 7:00,57,30,11,5.4
6/6/2021 8:00,60,29.9,10,5.4
6/6/2021 9:00,61,29.9,9,5.4
6/6/2021 10:00,62,29.9,8,5.2
6/6/2021 11:00,65,29.8,9,4.9
6/6/2021 12:00,64,29.8,8,4.6
6/6/2021 13:00,65,29.8,5,4.4
6/6/2021 14:00,63,29.8,6,4.2
6/6/2021 15:00,61,29.8,6,4.1
6/6/2021 16:00,58,29.9,7,4
6/6/2021 17:00,54,29.9,7,3.9
6/6/2021 18:00,48,29.9,6,3.9
6/6/2021 19:00,44,29.9,6,3.9
6/6/2021 20:00,49,29.9,6,3.8
6/6/2021 21:00,48,29.9,8,3.8
6/6/2021 22:00,46,29.9,8,3.9
6/6/2021 23:00,42,29.9,8,3.8
6/7/2021 0:00,42,30.1,8,3.8
6/7/2021 1:00,40,29.9,8,3.8
6/7/2021 2:00,46,29.9,8,3.8
6/7/2021 3:00,44,29.9,9,3.9
6/7/2021 4:00,48,29.9,7,3.9
6/7/2021 5:00,51,29.9,7,3.9
6/7/2021 6:00,53,29.9,7,3.9
6/7/2021 7:00,57,30,7,3.9
6/7/2021 8:00,61,29.9,7,3.9
6/7/2021 9:00,58,29.9,7,3.8
6/7/2021 10:00,57,29.9,7,3.8
6/7/2021 11:00,61,29.9,5,3.7
6/7/2021 12:00,62,29.9,3,3.5
6/7/2021 13:00,59,29.9,4,3.3
6/7/2021 14:00,58,29.9,5,3.1
6/7/2021 15:00,65,29.8,2,3
6/7/2021 16:00,64,29.8,2,2.9
6/7/2021 17:00,59,29.9,3,2.8
6/7/2021 18:00,50,29.9,4,2.8
6/7/2021 19:00,52,29.9,5,2.8
6/7/2021 20:00,49,29.9,3,2.8
6/7/2021 21:00,46,29.9,4,2.7
6/7/2021 22:00,43,29.9,6,2.7
6/7/2021 23:00,40,29.9,5,2.7
6/8/2021 0:00,39,30.1,4,2.7
6/8/2021 1:00,38,29.9,5,2.7
6/8/2021 2:00,36,29.9,5,2.7
6/8/2021 3:00,39,29.9,5,2.7
6/8/2021 4:00,39,29.9,5,2.8
6/8/2021 5:00,41,29.9,4,2.7
6/8/2021 6:00,47,29.9,4,2.7
6/8/2021 7:00,56,30,3,2.7
6/8/2021 8:00,63,30,4,2.8
6/8/2021 9:00,64,29.9,3,2.7
6/8/2021 10:00,65,29.9,2,2.5
6/8/2021 11:00,66,29.8,1,2.2
6/8/2021 12:00,68,29.8,0,1.9
6/8/2021 13:00,70,29.8,1,1.6
6/8/2021 14:00,68,29.8,0,1.3
6/8/2021 15:00,68,29.8,0,1.2
6/8/2021 16:00,67,29.8,0,1
6/8/2021 17:00,64,29.8,0,1
6/8/2021 18:00,58,29.8,1,0.9
6/8/2021 19:00,55,29.9,0,0.9
6/8/2021 20:00,45,29.9,1,0.9
6/8/2021 21:00,41,29.9,1,0.9
6/8/2021 22:00,39,29.9,1,0.9
6/8/2021 23:00,44,29.9,1,0.9
6/9/2021 0:00,42,30.1,0,0.9
6/9/2021 1:00,49,29.9,0,0.9
6/9/2021 2:00,42,29.9,1,0.9
6/9/2021 3:00,40,29.9,1,0.9
6/9/2021 4:00,38,29.9,1,0.9
6/9/2021 5:00,41,29.9,1,0.9
6/9/2021 6:00,51,29.9,1,0.9
6/9/2021 7:00,55,30,0,0.9
6/9/2021 8:00,59,29.9,1,0.9
6/9/2021 9:00,62,29.9,0,0.8
6/9/2021 10:00,65,29.9,-1,0.8
6/9/2021 11:00,65,29.9,0,0.6
6/9/2021 12:00,66,29.9,0,0.5
6/9/2021 13:00,68,29.8,0,0.3
6/9/2021 14:00,69,29.8,-1,0.2
6/9/2021 15:00,69,29.8,-1,0.2
6/9/2021 16:00,69,29.8,0,0.2
6/9/2021 17:00,61,29.8,0,0.2
6/9/2021 18:00,57,29.8,-1,0.1
6/9/2021 19:00,50,29.9,0,0.2
6/9/2021 20:00,47,29.9,0,0.1
6/9/2021 21:00,45,29.9,0,0.1
6/9/2021 22:00,47,29.9,0,0.1
6/9/2021 23:00,43,29.9,1,0.2
6/10/2021 0:00,41,30.1,0,0.2
6/10/2021 1:00,42,29.9,1,0.1
6/10/2021 2:00,44,29.9,0,0.1
6/10/2021 3:00,42,29.9,1,0.2
6/10/2021 4:00,41,29.9,1,0.1
6/10/2021 5:00,51,29.9,1,0.1
6/10/2021 6:00,57,30,0,0.2
6/10/2021 7:00,59,29.9,0,0.2
6/10/2021 8:00,61,30,0,0.2
6/10/2021 9:00,63,29.9,0,0.1
6/10/2021 10:00,66,29.9,-1,0.1
6/10/2021 11:00,67,29.9,0,0
6/10/2021 12:00,68,29.8,0,0.1
6/10/2021 13:00,69,29.8,-1,0
6/10/2021 14:00,69,29.8,0,0.1
6/10/2021 15:00,69,29.8,0,0.1
6/10/2021 16:00,68,29.8,0,0.1
6/10/2021 17:00,64,29.8,-1,0.1
6/10/2021 18:00,59,29.8,0,0.1
6/10/2021 19:00,55,29.9,0,0.1
6/10/2021 20:00,55,29.9,1,0.1
6/10/2021 21:00,51,29.9,0,0.1
6/10/2021 22:00,43,29.9,1,0.1
6/10/2021 23:00,40,29.9,1,0.1
6/11/2021 0:00,39,30.1,0,0
6/11/2021 1:00,38,29.9,1,0.1
6/11/2021 2:00,37,29.9,1,0.1
6/11/2021 3:00,40,29.9,1,0.1
6/11/2021 4:00,43,29.9,1,0.1
6/11/2021 5:00,44,29.9,1,0.1
6/11/2021 6:00,48,29.9,1,0.1
6/11/2021 7:00,52,29.9,0,0.1
6/11/2021 8:00,56,30,0,0.1
6/11/2021 9:00,57,29.9,0,0.1
6/11/2021 10:00,59,29.9,0,0.1
6/11/2021 11:00,60,29.9,0,0.1
6/11/2021 12:00,62,29.8,-1,0.1
6/11/2021 13:00,63,29.8,-1,0.1
6/11/2021 14:00,64,29.8,0,0.1
6/11/2021 15:00,63,29.8,-1,0.1
6/11/2021 16:00,62,29.8,-1,0.1
6/11/2021 17:00,60,29.8,-1,0.1
6/11/2021 18:00,55,29.8,0,0.1
6/11/2021 19:00,48,29.9,0,0.1
6/11/2021 20:00,42,29.9,1,0.1
6/11/2021 21:00,39,29.9,1,0.1
6/11/2021 22:00,39,29.9,1,0.1
6/11/2021 23:00,39,29.9,1,0.1
6/12/2021 0:00,41,30.1,0,0
6/12/2021 1:00,40,29.9,1,0.1
6/12/2021 2:00,39,29.9,1,0.1
6/12/2021 3:00,38,29.9,1,0.1
6/12/2021 4:00,38,29.9,1,0.1
6/12/2021 5:00,43,29.9,1,0.1
6/12/2021 6:00,49,29.9,0,0.1
6/12/2021 7:00,55,29.9,0,0.1
6/12/2021 8:00,61,29.9,0,0.2
6/12/2021 9:00,63,29.9,-1,0.1
6/12/2021 10:00,65,29.9,0,0.1
6/12/2021 11:00,65,29.8,-1,0.1
6/12/2021 12:00,67,29.8,-1,0
6/12/2021 13:00,69,29.8,-1,0
6/12/2021 14:00,69,29.8,-1,0.1
6/12/2021 15:00,69,29.7,-1,0.1
6/12/2021 16:00,69,29.8,-1,0.1
6/12/2021 17:00,65,29.8,-1,0.1
6/12/2021 18:00,61,29.8,-1,0.1
6/12/2021 19:00,47,29.8,0,0.1
6/12/2021 20:00,44,29.8,0,0.1
6/12/2021 21:00,43,29.8,0,0.1
6/12/2021 22:00,41,29.9,1,0.1
6/12/2021 23:00,39,29.9,1,0.1
6/13/2021 0:00,39,30.1,0,0
6/13/2021 1:00,39,29.9,1,0.1
6/13/2021 2:00,39,29.9,1,0.1
6/13/2021 3:00,39,29.9,1,0.1
6/13/2021 4:00,40,29.9,1,0.1
6/13/2021 5:00,42,29.9,1,0.1
6/13/2021 6:00,49,29.9,0,0.1
6/13/2021 7:00,59,29.9,0,0.1
6/13/2021 8:00,66,29.9,0,0.1
6/13/2021 9:00,69,29.9,-1,0.1
6/13/2021 10:00,68,29.8,-1,0.1
6/13/2021 11:00,70,29.8,-1,0.1
6/13/2021 12:00,68,29.8,-1,0.1
6/13/2021 13:00,72,29.7,NA,0
6/13/2021 14:00,71,29.7,-1,0
6/13/2021 15:00,74,29.7,-1,0.1
6/13/2021 16:00,73,29.7,-1,0
6/13/2021 17:00,68,29.8,-1,0
6/13/2021 18:00,57,29.8,-1,0.1
6/13/2021 19:00,50,29.8,0,0
6/13/2021 20:00,48,29.9,0,0.1
6/13/2021 21:00,47,29.8,0,0.1
6/13/2021 22:00,49,29.8,0,0.1
6/13/2021 23:00,45,29.9,0,0.1
6/14/2021 0:00,43,30.1,0,0
6/14/2021 1:00,42,29.9,1,0.1
6/14/2021 2:00,40,29.9,7,0.1
6/14/2021 3:00,42,29.9,1,0.1
6/14/2021 4:00,41,29.9,0,0.1
6/14/2021 5:00,43,29.9,1,0.1
6/14/2021 6:00,51,29.9,0,0.1
6/14/2021 7:00,62,29.9,-1,0.1
6/14/2021 8:00,67,29.9,0,0.1
6/14/2021 9:00,69,29.9,-1,0.1
6/14/2021 10:00,71,29.8,-1,0.1
6/14/2021 11:00,72,29.8,-1,0
6/14/2021 12:00,73,29.8,-1,0
6/14/2021 13:00,74,29.7,-1,0
6/14/2021 14:00,74,29.7,-1,0
6/14/2021 15:00,75,29.7,-1,0
6/14/2021 16:00,74,29.7,-1,0
6/14/2021 17:00,71,29.7,-1,0
6/14/2021 18:00,59,29.8,-1,0
6/14/2021 19:00,51,29.8,0,0
6/14/2021 20:00,48,29.8,0,0
6/14/2021 21:00,46,29.8,0,0.1
6/14/2021 22:00,44,29.8,1,0.1
6/14/2021 23:00,43,29.9,1,0.1
6/15/2021 0:00,43,30.1,0,0
6/15/2021 1:00,42,29.9,1,0
6/15/2021 2:00,41,29.8,1,0.1
6/15/2021 3:00,42,29.9,1,0.1
6/15/2021 4:00,41,29.9,1,0.1
6/15/2021 5:00,45,29.9,1,0.1
6/15/2021 6:00,52,29.9,0,0.1
6/15/2021 7:00,63,29.9,-1,0.1
6/15/2021 8:00,70,29.9,0,0.1
6/15/2021 9:00,71,29.9,0,0.1
6/15/2021 10:00,72,29.8,0,0
6/15/2021 11:00,72,29.8,-1,0
6/15/2021 12:00,73,29.7,-1,0.1
6/15/2021 13:00,74,29.7,-1,0.1
6/15/2021 14:00,74,29.7,-1,0
6/15/2021 15:00,74,29.7,-1,0
6/15/2021 16:00,74,29.7,-1,0.1
6/15/2021 17:00,69,29.7,-1,0
6/15/2021 18:00,60,29.8,-1,0.1
6/15/2021 19:00,55,29.8,0,0
6/15/2021 20:00,51,29.8,0,0.1
6/15/2021 21:00,48,29.8,0,0.1
6/15/2021 22:00,46,29.8,0,0.1
6/15/2021 23:00,46,29.8,1,0.1
6/16/2021 0:00,45,30.1,0,0
6/16/2021 1:00,44,29.9,0,0.1
6/16/2021 2:00,44,29.8,0,0
6/16/2021 3:00,43,29.9,1,0
6/16/2021 4:00,44,29.9,1,0.1
6/16/2021 5:00,49,29.9,1,0.1
6/16/2021 6:00,56,29.9,0,0.1
6/16/2021 7:00,65,29.9,0,0.1
6/16/2021 8:00,68,29.9,0,0.1
6/16/2021 9:00,71,29.9,-1,0.1
6/16/2021 10:00,72,29.8,-1,0.1
6/16/2021 11:00,71,29.8,-1,0
6/16/2021 12:00,76,29.7,-1,0
6/16/2021 13:00,75,29.7,0,0
6/16/2021 14:00,74,29.7,-1,0
6/16/2021 15:00,73,29.7,-1,0
6/16/2021 16:00,74,29.7,-1,0
6/16/2021 17:00,69,29.7,-1,0
6/16/2021 18:00,62,29.8,0,0.1
6/16/2021 19:00,54,29.8,0,0
6/16/2021 20:00,50,29.8,0,0.1
6/16/2021 21:00,50,29.8,0,0
6/16/2021 22:00,47,29.9,0,0
6/16/2021 23:00,45,29.8,0,0
6/17/2021 0:00,46,30.1,0,0
6/17/2021 1:00,46,29.9,0,0
6/17/2021 2:00,46,29.9,1,0
6/17/2021 3:00,45,29.9,1,0
6/17/2021 4:00,43,29.9,0,0.1
6/17/2021 5:00,53,29.8,0,0
6/17/2021 6:00,57,29.9,0,0.1
6/17/2021 7:00,63,29.9,-1,0.1
6/17/2021 8:00,67,29.9,0,0.1
6/17/2021 9:00,69,29.8,-1,0.1
6/17/2021 10:00,71,29.8,-1,0
6/17/2021 11:00,71,29.8,-1,0
6/17/2021 12:00,70,29.8,0,0
6/17/2021 13:00,73,29.7,-1,0
6/17/2021 14:00,74,29.7,-1,0
6/17/2021 15:00,71,29.7,-1,0
6/17/2021 16:00,69,29.7,-1,0
6/17/2021 17:00,66,29.8,-1,0
6/17/2021 18:00,60,29.8,0,0
6/17/2021 19:00,53,29.8,0,0.1
6/17/2021 20:00,50,29.8,0,0.1
6/17/2021 21:00,48,29.9,0,0.1
6/17/2021 22:00,48,29.8,0,0.1
6/17/2021 23:00,48,29.8,0,0.1
6/18/2021 0:00,46,30.1,0,0
6/18/2021 1:00,45,29.9,0,0.1
6/18/2021 2:00,44,29.8,0,0
6/18/2021 3:00,42,29.8,0,0.1
6/18/2021 4:00,41,29.9,1,0.1
6/18/2021 5:00,48,29.9,0,0.1
6/18/2021 6:00,57,29.9,1,0.1
6/18/2021 7:00,53,29.9,0,0.1
6/18/2021 8:00,60,29.9,0,0.1
6/18/2021 9:00,68,29.9,-1,0.1
6/18/2021 10:00,67,29.8,-1,0.1
6/18/2021 11:00,65,29.8,0,0.1
6/18/2021 12:00,66,29.8,-1,0
6/18/2021 13:00,66,29.8,-1,0
6/18/2021 14:00,69,29.8,-1,0
6/18/2021 15:00,69,29.8,-1,0
6/18/2021 16:00,68,29.8,-1,0.1
6/18/2021 17:00,64,29.8,-1,0.1
6/18/2021 18:00,56,29.8,0,0.1
6/18/2021 19:00,53,29.8,0,0.1
6/18/2021 20:00,50,29.8,0,0.1
6/18/2021 21:00,50,29.8,0,0.1
6/18/2021 22:00,47,29.9,0,0.1
6/18/2021 23:00,49,29.9,0,0.1
6/19/2021 0:00,50,30.1,0,0
6/19/2021 1:00,54,29.9,1,0.1
6/19/2021 2:00,49,29.9,0,0.1
6/19/2021 3:00,51,29.9,1,0.1
6/19/2021 4:00,54,29.9,1,0.1
6/19/2021 5:00,53,29.9,0,0.1
6/19/2021 6:00,55,29.9,0,0.1
6/19/2021 7:00,59,29.9,0,0.1
6/19/2021 8:00,60,29.9,0,0.1
6/19/2021 9:00,62,29.8,0,0.1
6/19/2021 10:00,62,29.8,-1,0.1
6/19/2021 11:00,61,29.8,0,0.1
6/19/2021 12:00,55,29.9,0,0.1
6/19/2021 13:00,58,29.8,0,0.1
6/19/2021 14:00,64,29.9,0,0.1
6/19/2021 15:00,64,29.8,-1,0.1
6/19/2021 16:00,61,29.8,-1,0.1
6/19/2021 17:00,58,29.9,0,0.1
6/19/2021 18:00,55,29.9,0,0.1
6/19/2021 19:00,52,29.9,0,0.1
6/19/2021 20:00,47,29.9,0,0.1
6/19/2021 21:00,45,29.9,1,0.1
6/19/2021 22:00,43,29.9,1,0.1
6/19/2021 23:00,50,29.9,0,0.1
6/20/2021 0:00,43,30.1,0,0
6/20/2021 1:00,41,29.9,1,0.1
6/20/2021 2:00,41,29.9,1,0.1
6/20/2021 3:00,45,29.9,0,0.1
6/20/2021 4:00,49,29.9,1,0.1
6/20/2021 5:00,53,29.9,1,0.1
6/20/2021 6:00,55,29.9,0,0.1
6/20/2021 7:00,57,30,0,0.1
6/20/2021 8:00,59,29.9,0,0
6/20/2021 9:00,62,29.9,-1,0.1
6/20/2021 10:00,65,29.9,-1,0.1
6/20/2021 11:00,66,29.8,-1,0
6/20/2021 12:00,67,29.8,-1,0
6/20/2021 13:00,63,29.8,0,0
6/20/2021 14:00,63,29.8,0,0.1
6/20/2021 15:00,62,29.8,0,0.1
6/20/2021 16:00,57,29.8,0,0.1
6/20/2021 17:00,54,29.9,0,0.1
6/20/2021 18:00,51,29.9,0,0.1
6/20/2021 19:00,48,29.9,0,0.1
6/20/2021 20:00,47,29.9,0,0.1
6/20/2021 21:00,46,29.9,0,0.1
6/20/2021 22:00,43,29.9,1,0.1
6/20/2021 23:00,42,29.9,1,0.1
6/21/2021 0:00,41,30.1,0,0
6/21/2021 1:00,40,29.9,1,0.1
6/21/2021 2:00,40,29.9,1,0.1
6/21/2021 3:00,38,29.9,1,0.1
6/21/2021 4:00,36,29.9,1,0.1
6/21/2021 5:00,38,29.9,0,0.1
6/21/2021 6:00,43,29.9,NA,0.1
6/21/2021 7:00,50,29.9,0,0.1
6/21/2021 8:00,53,30,0,0.1
6/21/2021 9:00,53,29.9,0,0.1
6/21/2021 10:00,56,29.9,0,0.1
6/21/2021 11:00,58,29.8,0,0
6/21/2021 12:00,58,29.8,0,0
6/21/2021 13:00,61,29.8,0,0
6/21/2021 14:00,62,29.8,-1,0
6/21/2021 15:00,65,29.8,-1,0
6/21/2021 16:00,64,29.8,-1,0
6/21/2021 17:00,62,29.8,0,0.1
6/21/2021 18:00,57,29.8,0,0
6/21/2021 19:00,54,29.8,0,0.1
6/21/2021 20:00,54,29.8,0,0.1
6/21/2021 21:00,53,29.9,0,0.1
6/21/2021 22:00,54,29.9,0,0.1
6/21/2021 23:00,55,29.9,0,0.1
6/22/2021 0:00,56,30.1,0,0
6/22/2021 1:00,55,29.9,1,0.1
6/22/2021 2:00,55,29.9,0,0.1
6/22/2021 3:00,55,29.9,0,0.1
6/22/2021 4:00,56,29.9,0,0.1
6/22/2021 5:00,56,29.9,0,0.1
6/22/2021 6:00,57,29.9,0,0.1
6/22/2021 7:00,57,29.9,0,0.1
6/22/2021 8:00,61,29.9,0,0.1
6/22/2021 9:00,63,29.9,-1,0.1
6/22/2021 10:00,67,29.8,-1,0
6/22/2021 11:00,68,29.8,-1,0
6/22/2021 12:00,68,29.7,-1,0
6/22/2021 13:00,68,29.7,0,0
6/22/2021 14:00,66,29.8,-1,0
6/22/2021 15:00,70,29.8,0,0.1
6/22/2021 16:00,69,29.8,-1,0
6/22/2021 17:00,67,29.8,-1,0
6/22/2021 18:00,59,29.8,0,0
6/22/2021 19:00,52,29.8,0,0.1
6/22/2021 20:00,49,29.8,1,0.1
6/22/2021 21:00,50,29.9,1,0.1
6/22/2021 22:00,50,29.9,0,0.1
6/22/2021 23:00,48,29.9,0,0.1
6/23/2021 0:00,54,30.1,0,0
6/23/2021 1:00,53,29.9,0,0.1
6/23/2021 2:00,57,29.9,0,0.1
6/23/2021 3:00,52,29.9,0,0.1
6/23/2021 4:00,47,29.9,0,0.1
6/23/2021 5:00,50,29.9,0,0.1
6/23/2021 6:00,54,29.9,0,0.1
6/23/2021 7:00,59,29.9,0,0.1
6/23/2021 8:00,63,29.9,0,0.1
6/23/2021 9:00,64,29.9,-1,0.1
6/23/2021 10:00,65,29.8,-1,0.1
6/23/2021 11:00,66,29.8,-1,0
6/23/2021 12:00,67,29.8,-1,0
6/23/2021 13:00,68,29.8,-1,0
6/23/2021 14:00,65,29.8,0,0
6/23/2021 15:00,63,29.8,0,0
6/23/2021 16:00,60,29.8,0,0
6/23/2021 17:00,60,29.8,0,0
6/23/2021 18:00,57,29.8,0,0
6/23/2021 19:00,56,29.9,0,0.1
6/23/2021 20:00,56,29.8,0,0.1
6/23/2021 21:00,56,29.9,0,0.1
6/23/2021 22:00,55,29.9,0,0.1
6/23/2021 23:00,51,29.9,1,0.1
6/24/2021 0:00,48,30.1,0,0
6/24/2021 1:00,49,29.9,1,0.1
6/24/2021 2:00,48,29.9,1,0.1
6/24/2021 3:00,51,29.9,0,0.1
6/24/2021 4:00,51,29.9,1,0.1
6/24/2021 5:00,50,29.9,0,0.1
6/24/2021 6:00,53,29.9,0,0.1
6/24/2021 7:00,53,29.9,0,0.1
6/24/2021 8:00,55,30,0,0.1
6/24/2021 9:00,55,29.9,0,0.1
6/24/2021 10:00,57,29.9,0,0.1
6/24/2021 11:00,57,29.9,0,0.1
6/24/2021 12:00,59,29.9,0,0.1
6/24/2021 13:00,58,29.9,0,0
6/24/2021 14:00,50,30,0,0.1
6/24/2021 15:00,48,30.1,0,0.1
6/24/2021 16:00,47,30.2,0,0.1
6/24/2021 17:00,48,30.2,0,0.1
6/24/2021 18:00,47,30.2,0,0.1
6/24/2021 19:00,45,30.2,0,0.1
6/24/2021 20:00,45,30.2,0,0.1
6/24/2021 21:00,44,30.2,0,0.1
6/24/2021 22:00,44,30.2,0,0.1
6/24/2021 23:00,44,30.2,1,0.1
6/25/2021 0:00,45,30.2,0,0
6/25/2021 1:00,46,30.2,0,0.1
6/25/2021 2:00,45,30.2,1,0.1
6/25/2021 3:00,44,30.2,1,0.1
6/25/2021 4:00,43,30.2,1,0.1
6/25/2021 5:00,46,30.2,0,0.1
6/25/2021 6:00,44,30.2,1,0.1
6/25/2021 7:00,45,30.2,1,0.1
6/25/2021 8:00,46,30.2,0,0.1
6/25/2021 9:00,49,30.2,0,0.1
6/25/2021 10:00,53,30.2,0,0.1
6/25/2021 11:00,52,30.2,0,0.1
6/25/2021 12:00,48,30.2,0,0.1
6/25/2021 13:00,50,30.2,0,0.1
6/25/2021 14:00,51,30.2,0,0.1
6/25/2021 15:00,49,30.2,0,0.1
6/25/2021 16:00,48,30.2,0,0.1
6/25/2021 17:00,48,30.2,0,0.1
6/25/2021 18:00,45,30.2,1,0.1
6/25/2021 19:00,44,30.3,1,0.1
6/25/2021 20:00,44,30.4,1,0.1
6/25/2021 21:00,43,30.4,1,0.1
6/25/2021 22:00,43,30.4,0,0.1
6/25/2021 23:00,42,30.4,1,0.1
6/26/2021 0:00,42,30.4,0,0
6/26/2021 1:00,40,30.4,1,0.1
6/26/2021 2:00,40,30.4,1,0.1
6/26/2021 3:00,41,30.4,1,0.1
6/26/2021 4:00,40,30.4,1,0.1
6/26/2021 5:00,42,30.4,0,0.1
6/26/2021 6:00,44,30.4,0,0.1
6/26/2021 7:00,43,30.4,0,0.1
6/26/2021 8:00,44,30.4,0,0.1
6/26/2021 9:00,49,30.4,0,0.1
6/26/2021 10:00,45,30.4,0,0.1
6/26/2021 11:00,44,30.5,0,0.1
6/26/2021 12:00,45,30.5,0,0.1
6/26/2021 13:00,45,30.5,0,0.1
6/26/2021 14:00,47,30.6,0,0.1
6/26/2021 15:00,46,30.6,0,0.1
6/26/2021 16:00,47,30.5,0,0.1
6/26/2021 17:00,45,30.6,0,0.1
6/26/2021 18:00,43,30.6,1,0.1
6/26/2021 19:00,42,30.6,1,0.1
6/26/2021 20:00,41,30.5,1,0.1
6/26/2021 21:00,40,30.6,1,0.1
6/26/2021 22:00,40,30.6,1,0.1
6/26/2021 23:00,40,30.6,1,0.1
6/27/2021 0:00,39,30.6,0,0
6/27/2021 1:00,38,30.6,1,0.1
6/27/2021 2:00,39,30.6,1,0.1
6/27/2021 3:00,38,30.6,1,0.1
6/27/2021 4:00,39,30.6,1,0.1
6/27/2021 5:00,40,30.6,1,0.1
6/27/2021 6:00,42,30.6,1,0.1
6/27/2021 7:00,43,30.6,0,0.1
6/27/2021 8:00,44,30.6,0,0.1
6/27/2021 9:00,46,30.6,0,0.1
6/27/2021 10:00,49,30.6,0,0.1
6/27/2021 11:00,48,30.6,0,0.1
6/27/2021 12:00,45,30.6,0,0.1
6/27/2021 13:00,42,30.7,0,0.1
6/27/2021 14:00,46,30.7,0,0.1
6/27/2021 15:00,44,30.7,0,0.1
6/27/2021 16:00,42,30.7,0,0.1
6/27/2021 17:00,42,30.7,1,0.1
6/27/2021 18:00,40,30.7,1,0.1
6/27/2021 19:00,37,30.7,1,0.1
6/27/2021 20:00,38,30.7,1,0.1
6/27/2021 21:00,39,30.7,1,0.1
6/27/2021 22:00,39,30.8,1,0.1
6/27/2021 23:00,38,30.7,1,0.1
6/28/2021 0:00,38,30.7,0,0
6/28/2021 1:00,38,30.8,1,0.1
6/28/2021 2:00,38,30.7,1,0.1
6/28/2021 3:00,38,30.7,1,0.1
6/28/2021 4:00,35,30.7,1,0.1
6/28/2021 5:00,36,30.7,1,0.1
6/28/2021 6:00,42,30.7,1,0.1
6/28/2021 7:00,45,30.7,0,0.1
6/28/2021 8:00,48,30.8,0,0.1
6/28/2021 9:00,48,30.8,0,0.1
6/28/2021 10:00,53,30.8,0,0.1
6/28/2021 11:00,56,30.7,0,0.1
6/28/2021 12:00,55,30.7,0,0.1
6/28/2021 13:00,57,30.6,-1,0
6/28/2021 14:00,56,30.6,-1,0.1
6/28/2021 15:00,52,30.6,-1,0.1
6/28/2021 16:00,50,30.7,0,0.1
6/28/2021 17:00,53,30.7,0,0.1
6/28/2021 18:00,49,30.7,0,0.1
6/28/2021 19:00,44,30.7,0,0.1
6/28/2021 20:00,40,30.7,1,0.1
6/28/2021 21:00,38,30.7,1,0.1
6/28/2021 22:00,36,30.7,1,0.1
6/28/2021 23:00,34,30.7,1,0.1
6/29/2021 0:00,33,30.7,0,0
6/29/2021 1:00,33,30.7,1,0.1
6/29/2021 2:00,32,30.7,1,0.1
6/29/2021 3:00,32,30.7,1,0.1
6/29/2021 4:00,33,30.7,0,0.1
6/29/2021 5:00,37,30.7,NA,0.1
6/29/2021 6:00,43,30.7,NA,0.1
6/29/2021 7:00,51,30.7,0,0.1
6/29/2021 8:00,54,30.7,-1,0.1
6/29/2021 9:00,55,30.8,-1,0.1
6/29/2021 10:00,56,30.7,0,0.1
6/29/2021 11:00,58,30.7,-1,0.1
6/29/2021 12:00,60,30.7,-1,0.1
6/29/2021 13:00,58,30.6,-1,0
6/29/2021 14:00,58,30.6,-1,0
6/29/2021 15:00,58,30.6,-1,0
6/29/2021 16:00,54,30.6,0,0.1
6/29/2021 17:00,53,30.6,0,0.1
6/29/2021 18:00,49,30.7,0,0.1
6/29/2021 19:00,45,30.6,1,0.1
6/29/2021 20:00,45,30.7,1,0.1
6/29/2021 21:00,42,30.7,1,0.1
6/29/2021 22:00,40,30.7,1,0.1
6/29/2021 23:00,39,30.7,1,0.1
6/30/2021 0:00,38,30.7,0,0
6/30/2021 1:00,38,30.7,1,0.1
6/30/2021 2:00,38,30.7,0,0.1
6/30/2021 3:00,38,30.7,0,0.1
6/30/2021 4:00,38,30.7,0,0.1
6/30/2021 5:00,43,30.7,0,0.1
6/30/2021 6:00,50,30.7,1,0.1
6/30/2021 7:00,53,30.7,0,0.1
6/30/2021 8:00,56,30.7,0,0.1
6/30/2021 9:00,56,30.7,-1,0.1
6/30/2021 10:00,58,30.7,-1,0.1
6/30/2021 11:00,58,30.7,-1,0.1
6/30/2021 12:00,58,30.7,-1,0.1
6/30/2021 13:00,50,30.9,0,0.1
6/30/2021 14:00,55,30.8,-1,0.1
6/30/2021 15:00,51,30.9,0,0.1
6/30/2021 16:00,49,30.9,0,0.1
6/30/2021 17:00,49,30.9,0,0.1
6/30/2021 18:00,49,30.9,0,0.1
6/30/2021 19:00,47,31,0,0.1
6/30/2021 20:00,46,30.9,0,0.1
6/30/2021 21:00,46,31,0,0.1
6/30/2021 22:00,46,31,1,0.1
6/30/2021 23:00,46,31,1,0.1
7/1/2021 0:00,46,30.9,0,0
7/1/2021 1:00,46,31,1,0.1
7/1/2021 2:00,45,31,0,0.1
7/1/2021 3:00,45,31,1,0.1
7/1/2021 4:00,45,31,1,0.1
7/1/2021 5:00,45,31,1,0.1
7/1/2021 6:00,50,31,0,0.1
7/1/2021 7:00,53,31,0,0.1
7/1/2021 8:00,57,31,-1,0.1
7/1/2021 9:00,57,30.9,0,0.1
7/1/2021 10:00,54,31,0,0.1
7/1/2021 11:00,56,30.9,0,0.1
7/1/2021 12:00,58,30.9,0,0
7/1/2021 13:00,60,30.9,-1,0
7/1/2021 14:00,60,30.9,-1,0
7/1/2021 15:00,57,30.9,0,0
7/1/2021 16:00,53,30.9,0,0.1
7/1/2021 17:00,51,30.9,0,0
7/1/2021 18:00,49,30.9,0,0.1
7/1/2021 19:00,46,30.9,0,0.1
7/1/2021 20:00,44,30.9,1,0.1
7/1/2021 21:00,42,30.9,1,0.1
7/1/2021 22:00,42,30.9,1,0.1
7/1/2021 23:00,43,30.9,0,0.1
